view,stype,variable,plain_english_description,segment_rows,missing_pct,zero_pct,positive_pct,nonmissing_n,mean,sd,min,p1,p25,p50,p75,p90,p95,p99,max
raw_source,ALL_STYPES,atlls,atlls,2843285,87.4,1.2,11.4,359627,1308.409,7772.597,-26242.497,0.0,2.369,37.986,320.24,1860.0,4890.007,26039.53,1045395.9
raw_source,ALL_STYPES,capx_to_assets,Capital expenditures / identifiable assets,2843285,56.2,5.1,38.5,1245647,0.07,2.213,-72.0,0.0,0.004,0.027,0.07,0.141,0.219,0.5,1836.177
raw_source,ALL_STYPES,capx_to_sales,Capital expenditures / sales,2843285,57.6,4.4,37.7,1206735,2.141,484.544,-12256.909,0.0,0.01,0.033,0.1,0.336,0.785,6.327,266882.0
raw_source,ALL_STYPES,capxs,Segment capital expenditures,2843285,52.3,6.8,40.7,1355416,130.218,1127.532,-11115.0,0.0,0.161,3.2,31.013,186.348,491.651,2401.0,653000.0
raw_source,ALL_STYPES,caxts,caxts,2843285,79.6,0.2,20.0,579037,-80139.612,35720108.828,-15693000001.0,0.0,14.06,73.094,411.593,1727.525,4058.935,18500.356,4372700.0
raw_source,ALL_STYPES,cogss,cogss,2843285,75.2,2.3,21.9,704338,-144825.007,51788586.82,-23156000001.0,-6.414,2.765,35.121,247.59,1137.0,2855.053,14711.0,359806.162
raw_source,ALL_STYPES,dps,dps,2843285,50.9,4.3,44.6,1395765,90.18,861.367,-6789.238,0.0,0.346,3.535,28.0,141.427,336.0,1545.0,490475.0
raw_source,ALL_STYPES,emps,Segment employees,2843285,70.5,2.2,27.3,838548,5148.303,25298.76,0.0,0.0,52.0,350.0,2239.0,9646.0,22000.0,80613.0,1700000.0
raw_source,ALL_STYPES,esubs,esubs,2843285,47.9,46.8,3.6,1480373,4.183,111.619,-6735.0,-5.5,0.0,0.0,0.0,0.0,1.211,76.0,32752.356
raw_source,ALL_STYPES,ias,Segment identifiable assets,2843285,41.4,1.6,55.9,1667131,5163.391,54731.48,-1794519.602,-108.81,17.761,159.981,1056.203,5070.0,12687.594,86299.12,6630556.091
raw_source,ALL_STYPES,ibs,ibs,2843285,78.0,0.3,12.5,626682,108.688,1127.02,-63798.0,-613.816,-5.264,1.486,34.699,207.864,532.184,2615.168,124078.0
raw_source,ALL_STYPES,iints,iints,2843285,84.9,4.5,10.4,428654,104.955,14640.025,-21813.444,-0.344,0.0,0.167,6.021,52.956,145.024,970.534,6737118.389
raw_source,ALL_STYPES,intseg,intseg,2843285,26.9,66.4,6.2,2077623,62.547,6476.938,-5213990.0,0.0,0.0,0.0,0.0,0.0,14.0,827.008,199563.731
raw_source,ALL_STYPES,ivaeqs,ivaeqs,2843285,44.2,50.7,5.1,1585379,36.668,543.01,-25277.549,0.0,0.0,0.0,0.0,0.0,17.997,662.0,56914.0
raw_source,ALL_STYPES,log_sales,"Log(1 + sales), for nonnegative sales",2843285,4.4,11.0,84.5,2717071,4.181,2.754,0.0,0.0,1.972,4.305,6.264,7.773,8.604,9.998,15.311
raw_source,ALL_STYPES,nis,nis,2843285,78.9,0.2,12.0,600157,111.238,1107.729,-98696.0,-654.588,-5.852,1.656,36.985,219.721,560.582,2698.889,112010.0
raw_source,ALL_STYPES,nopxs,nopxs,2843285,84.6,3.5,8.0,436858,4.938,165.272,-31057.171,-104.688,-0.003,0.006,1.334,13.0,39.055,212.217,7840.116
raw_source,ALL_STYPES,nxints,nxints,2843285,84.0,1.3,6.5,455340,-708198.187,136143910.907,-37861000001.0,-664.602,-5.722,-0.013,2.811,63.951,260.181,2869.53,6737046.644
raw_source,ALL_STYPES,obs,obs,2843285,89.7,6.0,4.3,293094,1288.479,208302.174,-5333.0,0.0,0.0,0.0,16.4,242.334,970.003,9026.77,70385000.0
raw_source,ALL_STYPES,ocaxs,ocaxs,2843285,85.4,14.6,0.0,414444,0.085,14.743,-985.669,0.0,0.0,0.0,0.0,0.0,0.0,0.0,5685.51
raw_source,ALL_STYPES,oelim,oelim,2843285,36.5,63.5,0.0,1806672,0.019,39.31,-12738.0,0.0,0.0,0.0,0.0,0.0,0.0,0.0,5847.0
raw_source,ALL_STYPES,oiadps,oiadps,2843285,70.9,0.4,18.3,827881,237.899,2102.945,-473708.0,-595.419,-3.058,8.556,101.19,467.65,1048.406,4183.638,384000.0
raw_source,ALL_STYPES,oibdps,oibdps,2843285,71.4,0.4,19.4,812238,329.161,2262.42,-66359.0,-378.022,-1.195,15.516,142.652,635.416,1420.0,5368.0,384000.0
raw_source,ALL_STYPES,op_margin,Operating profit / sales,2843285,53.1,0.3,34.4,1334114,-5.713,508.115,-88074.0,-54.806,-0.007,0.081,0.195,0.408,0.564,1.0,475147.0
raw_source,ALL_STYPES,ops,Segment operating profit,2843285,47.7,1.5,34.4,1485746,174.152,1845.354,-473708.0,-418.727,-0.925,5.058,63.959,321.976,760.0,3177.644,772000.0
raw_source,ALL_STYPES,ppents,Segment PP&E,2843285,77.3,1.7,21.0,646673,950.571,5007.882,-8200.568,0.0,1.542,18.484,176.557,1375.0,3883.0,19904.0,321900.0
raw_source,ALL_STYPES,ptis,ptis,2843285,75.0,0.3,14.6,711359,160.044,1368.872,-65275.0,-816.257,-5.369,2.676,55.637,329.052,833.984,3804.0,132729.0
raw_source,ALL_STYPES,rd_to_sales,R&D / sales,2843285,86.3,6.3,7.4,390267,6.031,179.895,-1037.324,0.0,0.0,0.007,0.146,0.867,3.859,58.598,42070.667
raw_source,ALL_STYPES,rds,Segment R&D,2843285,84.8,7.0,8.2,431862,44.426,393.901,-1498.308,0.0,0.0,0.174,8.1,47.764,124.533,784.0,41287.0
raw_source,ALL_STYPES,revts,revts,2843285,24.8,7.5,66.7,2138022,-11764.269,11348022.07,-9580000001.0,-3.113,8.094,97.114,676.8,2952.3,6675.0,26771.16,4460500.0
raw_source,ALL_STYPES,sales,Segment sales,2843285,2.9,11.0,84.5,2760628,1350.686,10495.733,-57121.0,-8.279,5.136,68.52,507.512,2325.4,5359.998,21742.422,4460500.0
raw_source,ALL_STYPES,salexg,salexg,2843285,98.0,0.2,1.9,57842,249.06,1556.676,-1.284,0.0,1.296,8.2,53.0,290.981,821.813,5119.709,69655.106
raw_source,ALL_STYPES,segment_sales_share,Segment positive sales / firm-year-stype positive sales,2843285,2.4,13.1,84.5,2775708,0.233,0.294,0.0,0.0,0.018,0.11,0.333,0.82,1.0,1.0,1.0
raw_source,ALL_STYPES,spis,spis,2843285,79.2,9.0,2.7,591967,-24.672,393.827,-48019.0,-590.711,-3.334,0.0,0.0,0.336,4.3,91.0,56975.0
raw_source,ALL_STYPES,txts,txts,2843285,77.3,5.9,13.1,645693,44.137,463.11,-45415.0,-186.043,0.0,0.233,10.396,74.0,198.925,998.0,36863.0
raw_source,ALL_STYPES,txws,txws,2843285,36.4,63.4,0.2,1808208,9.115,410.033,-2075.0,0.0,0.0,0.0,0.0,0.0,0.0,0.0,53211.0
raw_source,ALL_STYPES,xidos,xidos,2843285,82.9,15.3,0.9,487484,0.562,162.262,-54122.0,-15.708,0.0,0.0,0.0,0.0,0.0,22.785,13977.0
raw_source,ALL_STYPES,xints,xints,2843285,77.7,3.6,18.4,634665,79.674,1227.041,-21813.376,-2.0,0.052,2.139,23.675,108.531,233.848,998.593,137861.0
raw_source,ALL_STYPES,xsgas,xsgas,2843285,82.3,0.4,17.2,504048,242.918,1299.173,-28720.211,0.0,5.786,23.3,97.377,368.123,864.589,4196.0,110081.0
raw_source,BUSSEG,atlls,atlls,1276288,98.9,0.1,1.0,13767,1628.634,10017.376,-6862.155,-512.42,1.33,30.199,395.35,2413.696,5872.809,24767.895,201390.0
raw_source,BUSSEG,capx_to_assets,Capital expenditures / identifiable assets,1276288,28.4,8.6,62.7,913564,0.069,2.192,-72.0,0.0,0.005,0.028,0.07,0.143,0.222,0.506,1836.177
raw_source,BUSSEG,capx_to_sales,Capital expenditures / sales,1276288,32.7,6.8,60.0,858717,2.675,573.452,-8438.167,0.0,0.01,0.033,0.095,0.335,0.811,6.768,266882.0
raw_source,BUSSEG,capxs,Segment capital expenditures,1276288,24.0,10.4,65.3,969372,108.053,723.028,-11115.0,0.0,0.137,2.5,23.475,142.424,379.591,2001.406,65096.4
raw_source,BUSSEG,caxts,caxts,1276288,69.8,0.3,29.7,385472,975.61,5733.944,-77346.0,0.0,11.033,57.168,325.214,1425.3,3523.744,17547.8,317826.0
raw_source,BUSSEG,cogss,cogss,1276288,61.9,4.4,32.9,486184,-114529.813,48993764.187,-23156000001.0,-6.002,1.957,28.133,203.624,975.338,2523.547,13460.0,308643.0
raw_source,BUSSEG,dps,dps,1276288,19.6,6.7,73.4,1026689,76.223,678.087,-6789.238,0.0,0.272,2.715,21.821,113.238,276.566,1326.0,490475.0
raw_source,BUSSEG,emps,Segment employees,1276288,60.8,2.5,36.7,500503,4469.532,21920.438,0.0,0.0,42.0,273.0,1721.0,7770.0,18532.0,75024.9,905766.0
raw_source,BUSSEG,esubs,esubs,1276288,35.3,56.8,5.3,825910,4.437,112.001,-6735.0,-7.651,0.0,0.0,0.0,0.0,2.369,90.812,32752.356
raw_source,BUSSEG,ias,Segment identifiable assets,1276288,14.2,1.7,82.5,1094786,3576.794,39225.764,-908320.507,-105.621,14.252,121.224,834.441,4081.886,9946.806,54475.93,3844092.0
raw_source,BUSSEG,ibs,ibs,1276288,67.5,0.6,16.9,414738,89.089,1052.295,-63798.0,-591.673,-7.324,0.259,24.439,167.423,442.036,2364.136,112010.0
raw_source,BUSSEG,iints,iints,1276288,78.1,6.6,15.1,279951,33.815,561.064,-21813.444,-0.877,0.0,0.124,3.571,36.475,94.977,572.104,112167.637
raw_source,BUSSEG,intseg,intseg,1276288,25.9,64.6,8.8,945674,80.803,9518.699,-5213990.0,0.0,0.0,0.0,0.0,1.0,44.0,1283.534,199563.731
raw_source,BUSSEG,ivaeqs,ivaeqs,1276288,31.6,61.1,7.2,872799,38.843,545.772,-25277.549,0.0,0.0,0.0,0.0,0.194,25.845,733.95,43911.817
raw_source,BUSSEG,log_sales,"Log(1 + sales), for nonnegative sales",1276288,3.0,11.2,85.8,1237820,4.109,2.734,0.0,0.0,1.899,4.225,6.177,7.681,8.516,9.929,13.709
raw_source,BUSSEG,nis,nis,1276288,69.0,0.4,16.0,395532,95.825,1065.663,-29417.0,-636.0,-8.252,0.24,25.828,178.763,474.486,2574.253,112010.0
raw_source,BUSSEG,nopxs,nopxs,1276288,76.7,5.3,11.6,296903,3.413,162.438,-31057.171,-100.503,-0.019,0.0,0.93,8.942,28.422,178.04,7362.386
raw_source,BUSSEG,nxints,nxints,1276288,76.6,2.2,9.4,298887,79.157,1199.792,-36883.0,-570.0,-3.651,-0.005,1.261,45.0,186.497,2065.551,110980.934
raw_source,BUSSEG,obs,obs,1276288,83.5,8.3,8.2,210854,1038.133,115423.027,-5333.0,0.0,0.0,0.0,27.0,300.0,1178.0,10700.0,35477000.0
raw_source,BUSSEG,ocaxs,ocaxs,1276288,78.1,21.9,0.0,280072,0.051,7.597,-42.6,0.0,0.0,0.0,0.0,0.0,0.0,0.0,1631.8
raw_source,BUSSEG,oelim,oelim,1276288,31.4,68.5,0.1,875758,0.259,28.306,-768.0,0.0,0.0,0.0,0.0,0.0,0.0,0.0,5847.0
raw_source,BUSSEG,oiadps,oiadps,1276288,57.1,0.7,24.8,547482,200.292,1937.692,-473708.0,-539.788,-4.949,3.543,75.0,380.857,896.997,3814.0,384000.0
raw_source,BUSSEG,oibdps,oibdps,1276288,57.6,0.7,26.6,540781,284.309,2016.615,-61741.0,-353.222,-2.571,8.361,109.143,529.748,1223.595,4977.0,384000.0
raw_source,BUSSEG,op_margin,Operating profit / sales,1276288,29.2,0.5,50.3,904004,-6.838,607.684,-88074.0,-71.639,-0.026,0.075,0.183,0.384,0.556,1.0,475147.0
raw_source,BUSSEG,ops,Segment operating profit,1276288,20.4,1.8,50.3,1016171,145.67,1468.23,-473708.0,-383.514,-1.553,3.111,48.508,260.271,634.0,2810.916,384000.0
raw_source,BUSSEG,ppents,Segment PP&E,1276288,74.1,2.1,23.7,330274,788.993,4172.501,-8200.568,0.0,0.777,10.29,103.98,966.994,3129.939,18267.1,141818.0
raw_source,BUSSEG,ptis,ptis,1276288,63.3,0.6,19.6,468602,137.271,1356.237,-65275.0,-708.0,-7.3,0.668,37.25,249.706,666.553,3629.99,132729.0
raw_source,BUSSEG,rd_to_sales,R&D / sales,1276288,77.3,8.4,14.3,290132,6.792,199.271,-1037.324,0.0,0.0,0.027,0.182,1.131,4.731,67.313,42070.667
raw_source,BUSSEG,rds,Segment R&D,1276288,74.5,9.6,15.8,325639,54.977,444.643,-1498.308,0.0,0.0,0.794,12.345,62.16,160.0,959.758,41287.0
raw_source,BUSSEG,revts,revts,1276288,23.0,11.4,64.3,983123,-27719.141,16734852.505,-9580000001.0,-16.0,3.203,72.665,572.601,2629.0,6076.0,24914.822,899000.0
raw_source,BUSSEG,sales,Segment sales,1276288,0.7,11.2,85.8,1266937,1217.245,6935.854,-54607.0,-25.559,4.249,61.148,457.3,2095.519,4871.523,20183.832,899000.0
raw_source,BUSSEG,salexg,salexg,1276288,99.9,0.0,0.0,669,283.751,954.334,0.0,0.0,0.44,7.203,73.534,660.426,1301.378,5002.583,13000.0
raw_source,BUSSEG,segment_sales_share,Segment positive sales / firm-year-stype positive sales,1276288,3.5,10.7,85.8,1231798,0.269,0.297,0.0,0.0,0.036,0.19,0.333,0.953,1.0,1.0,1.0
raw_source,BUSSEG,spis,spis,1276288,70.1,12.9,3.8,381451,-23.228,366.375,-35989.946,-537.296,-3.188,0.0,0.0,0.218,3.298,76.829,56975.0
raw_source,BUSSEG,txts,txts,1276288,66.7,9.8,18.0,424890,38.313,425.224,-29110.0,-168.29,0.0,0.05,7.228,58.655,163.506,917.11,29749.0
raw_source,BUSSEG,txws,txws,1276288,31.3,68.5,0.2,877125,7.356,400.846,-62.8,0.0,0.0,0.0,0.0,0.0,0.0,0.0,50818.0
raw_source,BUSSEG,xidos,xidos,1276288,75.2,22.6,1.0,316176,0.837,79.495,-5029.1,-12.0,0.0,0.0,0.0,0.0,0.0,13.172,13356.0
raw_source,BUSSEG,xints,xints,1276288,67.0,6.1,26.3,421007,51.051,502.07,-21813.376,-2.4,0.017,1.139,15.998,84.176,193.993,804.94,103892.0
raw_source,BUSSEG,xsgas,xsgas,1276288,73.3,0.8,25.8,341186,228.614,1209.941,-28131.0,0.0,4.873,21.266,91.506,348.0,815.005,4070.981,72000.0
raw_source,GEOSEG,atlls,atlls,1381895,75.9,2.3,21.8,333671,1254.747,7664.148,-16022.258,0.0,2.294,36.546,304.455,1721.9,4568.157,25261.0,1045395.9
raw_source,GEOSEG,capx_to_assets,Capital expenditures / identifiable assets,1381895,83.2,1.8,15.0,232587,0.069,2.21,-16.503,0.0,0.002,0.022,0.065,0.129,0.2,0.443,436.5
raw_source,GEOSEG,capx_to_sales,Capital expenditures / sales,1381895,82.5,2.0,15.5,242233,0.728,27.985,-396.483,0.0,0.01,0.033,0.1,0.299,0.595,3.387,4122.65
raw_source,GEOSEG,capxs,Segment capital expenditures,1381895,80.9,3.1,16.0,264573,170.52,1995.859,-8394.636,0.0,0.195,3.888,43.01,270.038,697.199,3047.0,653000.0
raw_source,GEOSEG,caxts,caxts,1381895,87.6,0.0,12.3,170754,1296.066,6780.901,-30100.999,0.287,21.768,109.735,600.273,2208.293,4894.513,19604.1,385121.0
raw_source,GEOSEG,cogss,cogss,1381895,87.8,0.4,11.6,168610,957.42,5958.189,-16298.723,-1.118,4.758,47.532,314.815,1337.526,3202.8,16114.018,359806.162
raw_source,GEOSEG,dps,dps,1381895,82.7,1.7,15.6,238412,106.435,1427.179,-453.0,0.0,0.544,4.53,35.4,180.091,405.229,1702.0,453000.0
raw_source,GEOSEG,emps,Segment employees,1381895,77.8,1.9,20.3,307455,5950.09,30276.173,0.0,0.0,70.0,468.0,2825.0,11749.0,24800.0,88857.0,1700000.0
raw_source,GEOSEG,esubs,esubs,1381895,59.2,38.6,1.5,563547,1.844,74.011,-5979.0,-0.76,0.0,0.0,0.0,0.0,0.0,20.588,32224.725
raw_source,GEOSEG,ias,Segment identifiable assets,1381895,68.6,1.6,29.5,434371,7392.028,78100.198,-1211646.0,-0.743,21.354,205.134,1279.523,5964.631,14964.34,122787.884,4349731.0
raw_source,GEOSEG,ibs,ibs,1381895,86.5,0.1,9.0,186156,123.57,1097.385,-50119.0,-506.676,-1.801,5.471,49.777,233.013,567.4,2599.863,83963.0
raw_source,GEOSEG,iints,iints,1381895,90.6,2.7,6.6,130043,239.721,26549.181,-3408.0,0.0,0.0,0.34,18.604,95.245,251.652,1855.656,6737118.389
raw_source,GEOSEG,intseg,intseg,1381895,30.6,67.1,2.1,959081,28.237,898.326,-83383.0,0.0,0.0,0.0,0.0,0.0,0.0,83.063,118346.0
raw_source,GEOSEG,ivaeqs,ivaeqs,1381895,54.5,42.9,2.5,628299,22.089,473.265,-16778.099,0.0,0.0,0.0,0.0,0.0,0.907,266.6,56914.0
raw_source,GEOSEG,log_sales,"Log(1 + sales), for nonnegative sales",1381895,5.6,10.7,83.6,1303919,4.116,2.732,0.0,0.0,1.913,4.193,6.175,7.708,8.559,9.992,14.604
raw_source,GEOSEG,nis,nis,1381895,86.8,0.0,8.9,182123,124.213,1158.062,-98696.0,-519.016,-1.758,5.931,52.398,243.0,579.0,2584.78,83963.0
raw_source,GEOSEG,nopxs,nopxs,1381895,90.2,2.2,5.5,135561,8.419,170.688,-18503.443,-112.905,0.0,0.048,2.726,24.137,64.0,268.169,7840.116
raw_source,GEOSEG,nxints,nxints,1381895,90.7,0.3,3.9,129078,-2498512.329,255697427.517,-37861000001.0,-782.874,-15.586,-0.152,11.895,79.812,241.716,2552.04,6737046.644
raw_source,GEOSEG,obs,obs,1381895,95.7,3.4,1.0,60005,2559.419,406351.574,-0.754,0.0,0.0,0.0,0.0,64.9,427.1,4727.595,70385000.0
raw_source,GEOSEG,ocaxs,ocaxs,1381895,90.3,9.7,0.0,134204,0.003,0.385,-5.886,0.0,0.0,0.0,0.0,0.0,0.0,0.0,107.373
raw_source,GEOSEG,oelim,oelim,1381895,44.3,55.7,0.0,769576,0.031,3.64,-118.987,0.0,0.0,0.0,0.0,0.0,0.0,0.0,694.629
raw_source,GEOSEG,oiadps,oiadps,1381895,85.6,0.1,10.6,198887,297.479,2540.517,-42627.0,-340.773,-0.09,19.086,126.631,496.993,1120.023,4389.28,147929.0
raw_source,GEOSEG,oibdps,oibdps,1381895,86.3,0.1,10.7,189239,390.051,2763.635,-25241.0,-222.115,1.086,28.107,170.7,677.109,1504.824,5603.0,147929.0
raw_source,GEOSEG,op_margin,Operating profit / sales,1381895,76.6,0.1,18.0,322850,-3.615,131.454,-16121.0,-22.368,0.009,0.088,0.209,0.43,0.539,0.905,6151.517
raw_source,GEOSEG,ops,Segment operating profit,1381895,74.9,1.1,18.1,347075,216.258,2692.503,-42627.0,-273.712,0.0,9.352,81.023,359.498,839.618,3299.224,772000.0
raw_source,GEOSEG,ppents,Segment PP&E,1381895,78.2,1.5,20.3,301841,1051.295,5515.09,-2394.0,0.0,3.3,30.848,251.0,1663.9,4274.663,20790.0,321900.0
raw_source,GEOSEG,ptis,ptis,1381895,85.7,0.1,9.7,196993,191.263,1344.646,-44561.0,-655.0,-1.702,8.66,80.429,378.117,919.339,3952.453,58508.0
raw_source,GEOSEG,rd_to_sales,R&D / sales,1381895,94.0,3.9,2.0,82629,4.632,115.806,-218.737,0.0,0.0,0.0,0.033,0.455,2.598,43.543,12522.1
raw_source,GEOSEG,rds,Segment R&D,1381895,93.8,4.1,2.1,86286,12.098,153.966,-1244.142,0.0,0.0,0.0,1.127,15.37,41.39,186.968,34550.0
raw_source,GEOSEG,revts,revts,1381895,29.6,3.3,66.8,972613,1650.024,8990.546,-83383.0,0.0,12.669,104.205,666.87,2877.235,6612.888,27142.371,2199000.0
raw_source,GEOSEG,sales,Segment sales,1381895,5.1,10.7,83.6,1311396,1312.602,7762.873,-57121.0,0.0,5.425,63.777,473.799,2208.625,5180.0,21745.0,2199000.0
raw_source,GEOSEG,salexg,salexg,1381895,95.9,0.4,3.8,57086,248.788,1563.492,-1.284,0.0,1.301,8.215,52.581,287.1,817.088,5126.0,69655.106
raw_source,GEOSEG,segment_sales_share,Segment positive sales / firm-year-stype positive sales,1381895,1.6,14.8,83.6,1359433,0.22,0.301,0.0,0.0,0.012,0.078,0.333,0.892,1.0,1.0,1.0
raw_source,GEOSEG,spis,spis,1381895,86.6,6.2,1.9,185064,-19.92,410.849,-48019.0,-493.0,-2.176,0.0,0.0,0.663,5.887,103.127,56975.0
raw_source,GEOSEG,txts,txts,1381895,86.6,2.7,8.7,185425,40.149,355.739,-45415.0,-122.76,0.0,1.011,14.218,77.379,190.447,840.126,15984.0
raw_source,GEOSEG,txws,txws,1381895,44.1,55.7,0.2,771986,8.631,356.63,-62.8,0.0,0.0,0.0,0.0,0.0,0.0,0.0,50818.0
raw_source,GEOSEG,xidos,xidos,1381895,87.8,10.6,0.8,169114,0.037,252.476,-54122.0,-22.108,0.0,0.0,0.0,0.0,0.521,40.0,13977.0
raw_source,GEOSEG,xints,xints,1381895,87.2,1.1,11.6,176313,128.942,2039.938,-3408.0,0.0,0.505,6.573,42.485,147.0,301.794,1231.489,137861.0
raw_source,GEOSEG,xsgas,xsgas,1381895,90.2,0.1,9.8,135933,260.432,1433.98,-3375.0,0.109,8.275,27.156,102.652,355.636,860.654,4361.981,41079.0
raw_source,OPSEG,atlls,atlls,180091,93.2,0.3,6.3,12189,2415.724,7728.444,-26242.497,-166.021,10.3,142.164,1170.0,6143.784,12833.166,38397.955,146805.0
raw_source,OPSEG,capx_to_assets,Capital expenditures / identifiable assets,180091,45.9,6.2,47.3,97403,0.086,2.424,-12.0,-0.002,0.007,0.031,0.074,0.149,0.232,0.597,487.786
raw_source,OPSEG,capx_to_sales,Capital expenditures / sales,180091,42.9,6.0,50.3,102842,1.036,85.056,-12256.909,-0.048,0.011,0.042,0.148,0.458,1.16,11.425,5669.556
raw_source,OPSEG,capxs,Segment capital expenditures,180091,34.3,9.3,55.8,118255,224.786,1164.945,-7475.0,0.0,1.156,16.3,98.576,422.376,917.204,3609.839,96496.0
raw_source,OPSEG,caxts,caxts,180091,87.5,0.4,11.6,22447,-2093874.599,181412929.418,-15693000001.0,-628.951,37.403,205.892,914.386,3113.475,6517.802,30022.0,4372700.0
raw_source,OPSEG,cogss,cogss,180091,73.4,2.6,22.9,47966,-969118.446,122689851.97,-15514000001.0,-223.896,11.085,121.3,580.258,2046.665,4792.312,19606.572,350360.0
raw_source,OPSEG,dps,dps,180091,28.5,6.7,64.0,128690,172.592,772.34,-6575.0,-0.119,2.0,16.0,82.0,315.505,659.609,3029.0,30500.0
raw_source,OPSEG,emps,Segment employees,180091,83.2,2.1,14.8,30318,8266.261,21213.301,0.0,0.0,202.0,1718.0,6885.0,20860.0,37003.3,101219.0,810000.0
raw_source,OPSEG,esubs,esubs,180091,50.8,38.4,7.8,88604,16.826,237.044,-6183.0,-38.28,0.0,0.0,0.0,6.513,37.065,368.845,11900.0
raw_source,OPSEG,ias,Segment identifiable assets,180091,25.3,2.0,69.9,134444,11005.26,69551.737,-1794519.602,-3257.295,98.35,571.233,2808.183,14261.0,43532.94,225356.68,6630556.091
raw_source,OPSEG,ibs,ibs,180091,86.0,0.5,9.1,25182,323.676,2101.378,-41884.0,-1718.0,-2.927,13.0,212.0,909.745,1820.598,5526.476,124078.0
raw_source,OPSEG,iints,iints,180091,89.9,3.2,6.4,18201,238.61,2565.999,-13233.527,-437.0,0.0,0.183,7.109,100.0,455.0,5390.0,137959.503
raw_source,OPSEG,intseg,intseg,180091,6.8,72.7,19.2,167913,157.447,2038.138,-89696.566,-19.54,0.0,0.0,0.0,48.366,235.943,3507.0,87603.0
raw_source,OPSEG,ivaeqs,ivaeqs,180091,54.4,36.5,8.8,82045,126.028,896.651,-3824.418,0.0,0.0,0.0,0.0,79.635,402.612,3011.0,30432.3
raw_source,OPSEG,log_sales,"Log(1 + sales), for nonnegative sales",180091,5.3,12.0,82.6,170476,5.221,2.87,0.0,0.0,3.555,5.727,7.35,8.549,9.151,10.431,15.311
raw_source,OPSEG,nis,nis,180091,87.8,0.4,7.9,21981,283.228,1385.961,-19385.0,-1905.079,-4.564,20.151,250.584,955.0,1771.157,4510.0,29343.0
raw_source,OPSEG,nopxs,nopxs,180091,97.6,0.6,1.1,4284,0.745,184.91,-7641.047,-279.241,-0.107,0.0,2.226,24.507,68.392,259.1,1213.2
raw_source,OPSEG,nxints,nxints,180091,85.1,2.6,6.4,26861,310.864,1708.933,-26467.055,-1369.064,-4.4,0.0,18.297,954.041,2264.107,6483.574,130171.962
raw_source,OPSEG,obs,obs,180091,87.9,9.7,2.4,21766,237.181,1793.453,-1401.18,0.0,0.0,0.0,0.0,286.456,815.9,3820.714,108000.0
raw_source,OPSEG,ocaxs,ocaxs,180091,99.9,0.0,0.0,153,133.25,684.359,-985.669,-293.116,0.0,0.576,9.923,95.072,302.725,3419.687,5685.51
raw_source,OPSEG,oelim,oelim,180091,12.6,87.2,0.2,157449,-1.379,114.925,-12738.0,0.0,0.0,0.0,0.0,0.0,0.0,0.0,1119.8
raw_source,OPSEG,oiadps,oiadps,180091,55.2,1.2,31.8,80730,348.095,1989.221,-66359.0,-1691.84,-0.733,40.868,281.026,973.0,1917.822,5226.752,87744.0
raw_source,OPSEG,oibdps,oibdps,180091,54.9,1.3,34.1,81174,489.572,2503.986,-66359.0,-1124.089,0.209,63.2,373.0,1251.971,2335.089,6697.24,115693.0
raw_source,OPSEG,op_margin,Operating profit / sales,180091,41.9,0.7,46.9,104686,-2.781,216.226,-26126.0,-26.081,0.026,0.118,0.252,0.487,0.698,6.814,23940.885
raw_source,OPSEG,ops,Segment operating profit,180091,33.5,2.4,46.7,119678,297.165,1708.756,-65400.0,-1237.825,-0.394,28.631,207.0,780.0,1598.862,4856.336,127667.0
raw_source,OPSEG,ppents,Segment PP&E,180091,91.9,0.7,7.3,14552,2528.898,9227.847,-5617.375,-5.0,10.105,155.849,1286.176,5502.037,11735.132,43385.07,190055.0
raw_source,OPSEG,ptis,ptis,180091,75.1,0.6,16.8,44921,263.254,1592.409,-49615.424,-2307.533,-4.03,25.887,276.581,1039.0,1995.106,4175.416,121888.0
raw_source,OPSEG,rd_to_sales,R&D / sales,180091,91.4,8.0,0.6,15526,0.015,0.331,-17.328,0.0,0.0,0.0,0.0,0.0,0.012,0.296,14.61
raw_source,OPSEG,rds,Segment R&D,180091,90.1,9.2,0.8,17894,13.389,155.442,-24.368,0.0,0.0,0.0,0.0,0.0,5.3,254.21,5297.926
raw_source,OPSEG,revts,revts,180091,1.5,12.8,83.0,177334,2782.695,30622.007,-89695.461,-192.0,23.024,285.312,1542.9,5215.134,9729.214,36591.7,4460500.0
raw_source,OPSEG,sales,Segment sales,180091,1.5,12.0,82.6,177343,2619.157,30393.253,-41574.0,-262.479,19.998,267.648,1463.044,4920.0,9146.0,32419.0,4460500.0
raw_source,OPSEG,salexg,salexg,180091,100.0,0.0,0.0,87,161.271,305.962,0.0,0.0,0.0,3.409,152.462,544.8,889.158,1300.016,1324.684
raw_source,OPSEG,segment_sales_share,Segment positive sales / firm-year-stype positive sales,180091,0.3,17.0,82.6,179478,0.076,0.107,0.0,0.0,0.006,0.04,0.101,0.197,0.27,0.5,1.0
raw_source,OPSEG,spis,spis,180091,85.9,2.6,1.6,25322,-81.221,605.621,-29283.0,-1674.37,-34.0,-4.264,0.0,0.897,16.469,255.337,10873.8
raw_source,OPSEG,txts,txts,180091,80.6,2.9,12.3,34862,137.025,1042.253,-35007.0,-718.275,0.0,3.0,70.0,330.433,709.0,2420.78,36863.0
raw_source,OPSEG,txws,txws,180091,13.8,85.7,0.4,155167,21.697,646.537,-2075.0,0.0,0.0,0.0,0.0,0.0,0.0,0.0,53211.0
raw_source,OPSEG,xidos,xidos,180091,98.9,1.0,0.1,1983,1.532,169.289,-3204.0,-97.0,0.0,0.0,0.0,0.0,5.0,173.73,2400.0
raw_source,OPSEG,xints,xints,180091,79.8,4.6,14.3,36386,173.935,1775.09,-12230.62,-194.858,0.0,2.295,39.634,194.139,496.75,3268.065,90605.731
raw_source,OPSEG,xsgas,xsgas,180091,85.3,1.1,13.2,26552,340.381,1639.583,-28720.211,-46.246,5.1,32.297,180.177,732.0,1453.979,5407.45,110081.0
raw_source,STSEG,atlls,atlls,5011,100.0,0.0,0.0,0,,,,,,,,,,,
raw_source,STSEG,capx_to_assets,Capital expenditures / identifiable assets,5011,58.2,11.1,30.5,2093,0.059,0.345,-13.106,0.0,0.0,0.024,0.071,0.176,0.317,0.854,1.979
raw_source,STSEG,capx_to_sales,Capital expenditures / sales,5011,41.3,27.0,31.3,2943,1.236,14.368,-43.908,0.0,0.0,0.019,0.141,0.488,2.167,23.6,408.088
raw_source,STSEG,capxs,Segment capital expenditures,5011,35.8,29.3,34.5,3216,18.297,83.947,-292.123,0.0,0.0,0.142,7.969,47.3,80.3,233.018,1613.58
raw_source,STSEG,caxts,caxts,5011,92.7,0.0,6.8,364,65.296,111.741,-151.293,-17.999,9.888,24.963,75.607,179.917,340.224,488.543,812.035
raw_source,STSEG,cogss,cogss,5011,68.5,0.9,29.8,1578,70.81,116.845,-151.293,-3.55,9.344,25.049,64.962,203.46,361.357,530.772,799.45
raw_source,STSEG,dps,dps,5011,60.6,2.7,35.8,1974,13.676,32.189,-29.533,-8.583,0.281,2.946,10.749,43.96,68.111,157.271,527.0
raw_source,STSEG,emps,Segment employees,5011,94.6,0.7,4.7,272,306.176,570.305,0.0,0.0,16.0,50.0,250.0,978.0,1512.0,2230.0,5100.0
raw_source,STSEG,esubs,esubs,5011,53.9,38.5,4.3,2312,-0.836,10.861,-216.532,-20.181,0.0,0.0,0.0,0.0,0.93,4.305,34.734
raw_source,STSEG,ias,Segment identifiable assets,5011,29.6,0.8,68.5,3530,496.415,1016.086,-1108.986,-34.358,34.797,161.538,517.4,1163.442,2353.24,5311.636,12703.327
raw_source,STSEG,ibs,ibs,5011,87.9,0.4,7.2,606,15.904,81.256,-471.0,-110.866,-0.68,1.422,17.519,47.338,75.444,388.772,640.923
raw_source,STSEG,iints,iints,5011,90.8,3.4,5.2,459,12.22,39.581,-19.376,-14.59,0.0,0.006,0.422,20.416,137.036,179.93,194.175
raw_source,STSEG,intseg,intseg,5011,1.1,94.8,3.9,4955,3.316,20.195,-13.191,0.0,0.0,0.0,0.0,0.0,0.0,119.244,379.0
raw_source,STSEG,ivaeqs,ivaeqs,5011,55.4,40.6,4.1,2236,5.238,32.734,0.0,0.0,0.0,0.0,0.0,0.0,16.782,119.329,452.334
raw_source,STSEG,log_sales,"Log(1 + sales), for nonnegative sales",5011,3.1,8.0,88.9,4856,3.692,1.934,0.0,0.0,2.484,3.906,5.176,6.12,6.458,7.021,8.383
raw_source,STSEG,nis,nis,5011,89.6,0.1,6.8,521,20.562,93.289,-471.0,-158.97,-0.947,4.262,24.34,57.898,158.102,570.745,640.923
raw_source,STSEG,nopxs,nopxs,5011,97.8,0.6,0.8,110,-4.278,48.537,-207.115,-207.115,-7.461,0.0,2.204,39.162,46.651,116.773,116.773
raw_source,STSEG,nxints,nxints,5011,89.7,2.0,4.0,514,5.595,28.877,-69.313,-65.872,-1.467,0.0,2.58,35.312,82.022,108.995,134.862
raw_source,STSEG,obs,obs,5011,90.6,6.5,2.8,469,22.427,50.67,0.0,0.0,0.0,0.0,10.023,79.88,127.203,239.338,258.598
raw_source,STSEG,ocaxs,ocaxs,5011,99.7,0.1,0.2,15,0.831,1.177,0.0,0.0,0.0,0.008,1.423,2.379,2.755,3.436,3.606
raw_source,STSEG,oelim,oelim,5011,22.4,76.8,0.0,3889,-0.001,0.015,-0.468,-0.0,0.0,0.0,0.0,0.0,0.0,0.0,0.0
raw_source,STSEG,oiadps,oiadps,5011,84.4,0.3,11.4,782,38.222,95.297,-750.0,-75.443,-0.013,8.095,39.411,143.677,212.888,393.804,855.0
raw_source,STSEG,oibdps,oibdps,5011,79.2,0.2,15.8,1044,52.432,114.237,-232.846,-176.466,0.055,11.862,68.433,202.48,270.713,364.125,1382.0
raw_source,STSEG,op_margin,Operating profit / sales,5011,48.6,0.5,44.2,2574,6.964,229.157,-1020.5,-26.577,0.111,0.426,0.65,0.712,0.807,1.752,7809.0
raw_source,STSEG,ops,Segment operating profit,5011,43.7,2.4,44.4,2822,34.982,78.292,-750.0,-87.125,0.707,9.68,41.035,120.089,175.875,341.919,855.0
raw_source,STSEG,ppents,Segment PP&E,5011,99.9,0.0,0.1,6,1.233,0.32,0.8,0.82,1.2,1.2,1.2,1.5,1.65,1.77,1.8
raw_source,STSEG,ptis,ptis,5011,83.2,0.1,11.5,843,23.745,71.55,-444.0,-101.411,-0.759,6.613,30.524,79.656,118.636,343.615,616.238
raw_source,STSEG,rd_to_sales,R&D / sales,5011,60.5,39.5,0.0,1980,0.0,0.0,0.0,0.0,0.0,0.0,0.0,0.0,0.0,0.0,0.0
raw_source,STSEG,rds,Segment R&D,5011,59.2,40.8,0.0,2043,0.0,0.0,0.0,0.0,0.0,0.0,0.0,0.0,0.0,0.0,0.0
raw_source,STSEG,revts,revts,5011,1.2,8.4,88.6,4952,152.771,272.112,-159.97,-1.275,9.677,46.674,167.047,455.233,685.796,1148.529,4372.0
raw_source,STSEG,sales,Segment sales,5011,1.2,8.0,88.9,4952,149.454,266.36,-379.0,-1.5,9.677,46.674,167.047,447.507,634.602,1119.256,4372.0
raw_source,STSEG,salexg,salexg,5011,100.0,0.0,0.0,0,,,,,,,,,,,
raw_source,STSEG,segment_sales_share,Segment positive sales / firm-year-stype positive sales,5011,0.2,10.9,88.9,4999,0.086,0.11,0.0,0.0,0.017,0.058,0.112,0.197,0.266,0.533,1.0
raw_source,STSEG,spis,spis,5011,97.4,1.1,0.3,130,-9.432,58.71,-657.0,-61.888,-2.715,0.0,0.0,0.011,0.054,5.25,9.941
raw_source,STSEG,txts,txts,5011,89.7,4.5,4.3,516,-2.817,55.789,-728.158,-6.918,0.0,0.0,0.284,3.254,12.822,24.035,47.405
raw_source,STSEG,txws,txws,5011,21.6,78.4,0.0,3930,0.0,0.0,0.0,0.0,0.0,0.0,0.0,0.0,0.0,0.0,0.0
raw_source,STSEG,xidos,xidos,5011,95.8,3.8,0.3,211,0.059,0.414,-0.631,-0.298,0.0,0.0,0.0,0.0,0.168,2.663,3.862
raw_source,STSEG,xints,xints,5011,80.9,5.3,13.0,959,11.27,22.176,-21.04,-7.174,0.0,0.792,9.039,49.412,65.145,89.964,114.88
raw_source,STSEG,xsgas,xsgas,5011,92.5,2.8,4.6,377,8.647,17.176,-0.239,-0.025,0.0,0.238,7.707,28.26,59.132,65.359,68.556
latest_source,ALL_STYPES,atlls,atlls,1513417,91.0,0.9,8.1,136664,1253.698,8001.992,-26242.497,0.0,1.848,32.876,285.703,1673.0,4498.957,25036.211,1045395.9
latest_source,ALL_STYPES,capx_to_assets,Capital expenditures / identifiable assets,1513417,58.4,4.5,37.0,630001,0.076,1.53,-72.0,0.0,0.007,0.032,0.077,0.153,0.235,0.532,487.786
latest_source,ALL_STYPES,capx_to_sales,Capital expenditures / sales,1513417,59.1,4.0,36.7,618754,1.704,392.355,-12256.909,0.0,0.011,0.034,0.1,0.33,0.763,5.949,266882.0
latest_source,ALL_STYPES,capxs,Segment capital expenditures,1513417,54.4,6.4,39.0,689497,108.17,1062.34,-11115.0,0.0,0.142,2.587,24.3,147.159,386.949,2002.018,653000.0
latest_source,ALL_STYPES,caxts,caxts,1513417,84.8,0.1,14.9,229706,-67173.677,32743106.833,-15693000001.0,0.0,13.289,71.181,403.932,1706.204,4006.0,18199.415,4372700.0
latest_source,ALL_STYPES,cogss,cogss,1513417,81.2,1.9,16.5,284896,-134922.018,52219700.477,-23156000001.0,-7.0,2.501,33.954,243.652,1131.069,2818.937,14475.812,350360.0
latest_source,ALL_STYPES,dps,dps,1513417,53.1,4.2,42.6,709936,75.366,918.279,-6789.238,0.0,0.265,2.634,21.079,110.416,269.723,1316.0,490475.0
latest_source,ALL_STYPES,emps,Segment employees,1513417,73.5,1.8,24.6,400367,4703.811,23704.398,0.0,0.0,51.0,330.0,2020.0,8704.8,19651.4,73995.38,1700000.0
latest_source,ALL_STYPES,esubs,esubs,1513417,53.6,41.7,3.1,701896,3.618,99.354,-6735.0,-4.46,0.0,0.0,0.0,0.0,0.916,63.841,32752.356
latest_source,ALL_STYPES,ias,Segment identifiable assets,1513417,43.1,1.9,54.3,861612,4007.447,47415.588,-1220993.338,-22.0,12.135,103.621,728.9,3632.353,9351.45,63561.488,6630556.091
latest_source,ALL_STYPES,ibs,ibs,1513417,83.8,0.3,9.0,245785,104.717,1115.01,-63798.0,-612.809,-5.707,1.008,31.582,199.753,518.019,2585.01,124078.0
latest_source,ALL_STYPES,iints,iints,1513417,88.9,3.4,7.6,168428,113.633,16503.558,-21813.444,-0.364,0.0,0.148,5.467,51.317,142.93,986.384,6737118.389
latest_source,ALL_STYPES,intseg,intseg,1513417,44.0,51.0,4.7,847543,57.677,5876.539,-5213990.0,0.0,0.0,0.0,0.0,0.0,12.372,735.916,199563.731
latest_source,ALL_STYPES,ivaeqs,ivaeqs,1513417,50.9,44.6,4.4,742700,31.789,504.277,-25277.549,0.0,0.0,0.0,0.0,0.0,12.606,541.0,56914.0
latest_source,ALL_STYPES,log_sales,"Log(1 + sales), for nonnegative sales",1513417,4.7,13.1,82.2,1441989,3.889,2.734,0.0,0.0,1.535,3.953,5.965,7.517,8.371,9.815,15.311
latest_source,ALL_STYPES,nis,nis,1513417,84.5,0.2,8.6,234924,108.734,1099.06,-98696.0,-660.016,-6.339,1.139,34.156,212.927,548.953,2693.052,112010.0
latest_source,ALL_STYPES,nopxs,nopxs,1513417,88.7,2.6,5.8,170717,4.875,156.787,-31057.171,-105.864,-0.003,0.004,1.258,12.44,38.0,210.975,7840.116
latest_source,ALL_STYPES,nxints,nxints,1513417,88.2,1.0,4.8,179115,-783715.003,142154790.174,-37861000001.0,-651.762,-5.273,-0.01,2.54,64.156,272.0,3078.043,6737046.644
latest_source,ALL_STYPES,obs,obs,1513417,89.6,5.4,5.0,157858,1204.792,202525.144,-5333.0,0.0,0.0,0.0,16.8,177.455,704.83,6898.43,70385000.0
latest_source,ALL_STYPES,ocaxs,ocaxs,1513417,89.4,10.6,0.0,161138,0.037,6.875,-985.669,0.0,0.0,0.0,0.0,0.0,0.0,0.0,1631.8
latest_source,ALL_STYPES,oelim,oelim,1513417,51.2,48.8,0.0,738855,0.051,32.9,-12083.0,0.0,0.0,0.0,0.0,0.0,0.0,0.0,5847.0
latest_source,ALL_STYPES,oiadps,oiadps,1513417,78.2,0.4,13.5,330465,232.658,2274.064,-473708.0,-603.628,-3.288,7.462,97.219,455.96,1026.0,4143.0,384000.0
latest_source,ALL_STYPES,oibdps,oibdps,1513417,78.5,0.4,14.3,325186,322.426,2313.837,-61741.0,-381.001,-1.332,14.161,138.471,622.205,1386.446,5257.124,384000.0
latest_source,ALL_STYPES,op_margin,Operating profit / sales,1513417,51.7,0.3,35.7,731309,-4.73,244.662,-88074.0,-39.417,-0.003,0.078,0.179,0.366,0.53,0.998,41491.333
latest_source,ALL_STYPES,ops,Segment operating profit,1513417,46.8,1.7,35.7,804849,139.482,1735.478,-473708.0,-315.81,-0.411,3.785,46.174,244.045,590.531,2575.988,772000.0
latest_source,ALL_STYPES,ppents,Segment PP&E,1513417,83.5,1.4,15.1,250084,915.106,4974.468,-8200.568,0.0,1.266,16.604,161.871,1269.677,3656.658,19279.0,321900.0
latest_source,ALL_STYPES,ptis,ptis,1513417,81.4,0.3,10.6,281105,155.143,1359.114,-65275.0,-823.868,-5.763,1.956,51.255,316.604,812.0,3774.27,132729.0
latest_source,ALL_STYPES,rd_to_sales,R&D / sales,1513417,87.2,5.6,7.2,193654,5.095,156.049,-1037.324,0.0,0.0,0.01,0.127,0.639,2.947,47.728,42070.667
latest_source,ALL_STYPES,rds,Segment R&D,1513417,86.0,6.2,7.8,212007,38.997,376.476,-1398.0,0.0,0.0,0.197,6.305,39.729,106.0,683.647,41287.0
latest_source,ALL_STYPES,revts,revts,1513417,42.4,6.1,50.8,872439,-9388.755,10256479.602,-9580000001.0,-3.021,6.494,87.07,626.803,2777.785,6318.424,25276.62,4460500.0
latest_source,ALL_STYPES,sales,Segment sales,1513417,3.5,13.1,82.2,1460084,1097.786,8874.734,-54607.0,-1.706,3.083,48.451,378.442,1807.687,4257.967,18150.0,4460500.0
latest_source,ALL_STYPES,salexg,salexg,1513417,97.1,0.3,2.6,43936,174.187,1185.539,-1.284,0.0,0.971,6.162,35.546,199.515,549.572,3615.75,69655.106
latest_source,ALL_STYPES,segment_sales_share,Segment positive sales / firm-year-stype positive sales,1513417,2.8,15.0,82.2,1471295,0.438,0.416,0.0,0.0,0.039,0.262,1.0,1.0,1.0,1.0,1.0
latest_source,ALL_STYPES,spis,spis,1513417,84.8,6.5,2.0,229944,-25.227,398.311,-48019.0,-599.254,-3.514,0.0,0.0,0.324,4.243,90.335,56975.0
latest_source,ALL_STYPES,txts,txts,1513417,83.3,4.5,9.5,253119,42.914,447.561,-45415.0,-182.386,0.0,0.162,9.564,70.939,192.902,975.0,36863.0
latest_source,ALL_STYPES,txws,txws,1513417,51.1,48.7,0.2,739333,8.835,406.386,-2075.0,0.0,0.0,0.0,0.0,0.0,0.0,0.0,53211.0
latest_source,ALL_STYPES,xidos,xidos,1513417,87.5,11.1,0.6,188584,0.59,153.572,-54122.0,-16.149,0.0,0.0,0.0,0.0,0.001,22.744,13977.0
latest_source,ALL_STYPES,xints,xints,1513417,83.4,2.8,13.5,250852,79.658,1229.435,-21813.376,-2.0,0.04,1.93,22.633,105.849,232.0,1008.0,137861.0
latest_source,ALL_STYPES,xsgas,xsgas,1513417,86.6,0.4,12.9,202284,241.239,1304.959,-28720.211,0.0,5.413,22.855,96.838,369.0,866.255,4108.712,110081.0
latest_source,BUSSEG,atlls,atlls,674184,99.2,0.1,0.7,5522,1610.355,10253.584,-6067.564,-310.754,1.076,23.922,324.06,2023.482,5544.713,25073.732,201390.0
latest_source,BUSSEG,capx_to_assets,Capital expenditures / identifiable assets,674184,26.6,8.0,65.2,494854,0.076,1.271,-72.0,0.0,0.008,0.034,0.079,0.157,0.241,0.536,404.541
latest_source,BUSSEG,capx_to_sales,Capital expenditures / sales,674184,29.5,6.5,63.6,475485,1.958,446.801,-8438.167,0.0,0.011,0.034,0.096,0.327,0.77,6.022,266882.0
latest_source,BUSSEG,capxs,Segment capital expenditures,674184,22.3,9.7,67.8,523659,88.414,629.954,-11115.0,0.0,0.146,2.16,19.0,113.0,300.348,1624.769,65096.4
latest_source,BUSSEG,caxts,caxts,674184,77.2,0.3,22.4,153984,976.06,5866.948,-77346.0,0.0,10.266,56.073,321.65,1414.0,3498.193,17496.385,317826.0
latest_source,BUSSEG,cogss,cogss,674184,70.7,3.6,25.2,197690,-116399.409,52080027.634,-23156000001.0,-6.696,1.726,27.178,200.118,970.907,2490.385,13329.22,308643.0
latest_source,BUSSEG,dps,dps,674184,18.5,6.2,75.1,549513,62.924,781.514,-6789.238,0.0,0.238,2.126,16.584,87.508,219.32,1098.928,490475.0
latest_source,BUSSEG,emps,Segment employees,674184,59.8,2.3,37.9,271135,4114.681,20897.762,0.0,0.0,46.0,280.0,1670.0,7150.0,16476.3,68100.0,905766.0
latest_source,BUSSEG,esubs,esubs,674184,35.3,57.1,5.0,436031,3.568,97.662,-6735.0,-5.582,0.0,0.0,0.0,0.0,1.4,68.3,32752.356
latest_source,BUSSEG,ias,Segment identifiable assets,674184,14.0,1.6,83.3,580118,2778.432,33687.794,-852256.795,-19.893,10.615,82.668,578.158,2925.118,7454.0,41294.98,3844092.0
latest_source,BUSSEG,ibs,ibs,674184,75.7,0.4,12.3,163542,85.906,1050.159,-63798.0,-591.0,-7.607,0.052,22.317,160.214,428.896,2322.298,112010.0
latest_source,BUSSEG,iints,iints,674184,83.5,5.1,11.2,111044,37.007,603.596,-21813.444,-0.834,0.0,0.11,3.332,35.766,95.22,604.781,112167.637
latest_source,BUSSEG,intseg,intseg,674184,42.5,50.3,6.7,387693,76.465,8611.071,-5213990.0,0.0,0.0,0.0,0.0,0.803,39.032,1162.814,199563.731
latest_source,BUSSEG,ivaeqs,ivaeqs,674184,32.5,60.5,7.0,455240,31.257,480.529,-25277.549,0.0,0.0,0.0,0.0,0.063,16.082,554.01,43911.817
latest_source,BUSSEG,log_sales,"Log(1 + sales), for nonnegative sales",674184,2.8,9.4,87.8,655129,4.006,2.637,0.0,0.0,1.895,4.068,5.977,7.478,8.321,9.768,13.709
latest_source,BUSSEG,nis,nis,674184,76.9,0.3,11.7,155896,93.251,1063.775,-29417.0,-641.341,-8.55,0.036,23.799,173.0,463.67,2546.918,112010.0
latest_source,BUSSEG,nopxs,nopxs,674184,82.7,4.1,8.6,116809,3.349,155.52,-31057.171,-103.384,-0.018,0.0,0.9,8.797,28.0,178.698,5396.069
latest_source,BUSSEG,nxints,nxints,674184,82.4,1.8,6.9,118436,82.679,1221.668,-36883.0,-561.149,-3.407,-0.003,1.19,44.523,191.361,2197.65,110980.934
latest_source,BUSSEG,obs,obs,674184,81.4,8.4,10.2,125487,898.378,110082.929,-5333.0,0.0,0.0,0.628,22.5,195.749,761.0,7631.63,35477000.0
latest_source,BUSSEG,ocaxs,ocaxs,674184,83.7,16.2,0.0,109577,0.045,7.016,-31.928,0.0,0.0,0.0,0.0,0.0,0.0,0.0,1631.8
latest_source,BUSSEG,oelim,oelim,674184,46.7,53.2,0.0,359130,0.231,26.5,-768.0,0.0,0.0,0.0,0.0,0.0,0.0,0.0,5847.0
latest_source,BUSSEG,oiadps,oiadps,674184,67.5,0.6,18.5,219273,197.376,2250.355,-473708.0,-546.034,-5.002,2.89,72.046,371.404,876.0,3786.0,384000.0
latest_source,BUSSEG,oibdps,oibdps,674184,67.8,0.6,19.9,216990,281.114,2158.341,-61741.0,-357.043,-2.603,7.517,105.983,518.0,1196.637,4896.22,384000.0
latest_source,BUSSEG,op_margin,Operating profit / sales,674184,24.3,0.4,54.6,510137,-5.488,279.17,-88074.0,-49.78,-0.017,0.073,0.171,0.349,0.523,0.997,41491.333
latest_source,BUSSEG,ops,Segment operating profit,674184,17.0,1.6,54.5,559574,118.201,1455.238,-473708.0,-288.0,-0.714,2.725,36.089,199.0,487.0,2251.319,384000.0
latest_source,BUSSEG,ppents,Segment PP&E,674184,80.9,1.7,17.4,128930,758.727,4132.471,-8200.568,0.0,0.633,9.475,97.056,895.017,2952.755,17395.971,141818.0
latest_source,BUSSEG,ptis,ptis,674184,72.4,0.5,14.4,186235,133.01,1354.343,-65275.0,-720.982,-7.536,0.33,33.914,239.709,644.337,3580.66,132729.0
latest_source,BUSSEG,rd_to_sales,R&D / sales,674184,77.1,8.5,14.4,154211,5.279,165.075,-1037.324,0.0,0.0,0.022,0.148,0.736,3.205,50.333,42070.667
latest_source,BUSSEG,rds,Segment R&D,674184,74.8,9.6,15.6,169810,45.469,408.153,-1398.0,0.0,0.0,0.533,8.424,47.853,128.0,816.084,41287.0
latest_source,BUSSEG,revts,revts,674184,40.2,9.1,49.6,403309,-22290.352,15085047.567,-9580000001.0,-14.625,2.557,67.729,545.85,2516.433,5870.76,24104.584,899000.0
latest_source,BUSSEG,sales,Segment sales,674184,1.0,9.4,87.8,667191,1034.381,6218.645,-54607.0,-10.0,4.665,53.425,378.912,1724.231,4026.133,17241.413,899000.0
latest_source,BUSSEG,salexg,salexg,674184,100.0,0.0,0.0,270,318.54,1103.206,0.0,0.0,0.58,8.299,83.092,800.943,1634.0,5002.534,13000.0
latest_source,BUSSEG,segment_sales_share,Segment positive sales / firm-year-stype positive sales,674184,3.4,8.8,87.8,651274,0.509,0.412,0.0,0.0,0.093,0.427,1.0,1.0,1.0,1.0,1.0
latest_source,BUSSEG,spis,spis,674184,77.9,9.4,2.8,149120,-23.718,356.818,-24613.982,-546.31,-3.316,0.0,0.0,0.213,3.267,77.369,56975.0
latest_source,BUSSEG,txts,txts,674184,75.1,7.5,13.2,167570,37.18,413.643,-29110.0,-165.0,0.0,0.027,6.584,56.032,158.291,895.79,29749.0
latest_source,BUSSEG,txws,txws,674184,46.6,53.2,0.2,359680,6.811,380.551,-62.8,0.0,0.0,0.0,0.0,0.0,0.0,0.0,50818.0
latest_source,BUSSEG,xidos,xidos,674184,81.7,16.6,0.8,123256,0.839,80.091,-5029.1,-12.713,0.0,0.0,0.0,0.0,0.0,13.602,13356.0
latest_source,BUSSEG,xints,xints,674184,75.1,4.8,19.6,167660,53.781,601.519,-21813.376,-2.283,0.013,1.034,15.305,83.0,193.281,819.572,103892.0
latest_source,BUSSEG,xsgas,xsgas,674184,79.6,0.7,19.6,137800,226.953,1212.027,-24428.0,0.0,4.469,20.687,90.276,345.852,810.472,3977.01,72000.0
latest_source,GEOSEG,atlls,atlls,757202,83.4,1.7,14.9,126074,1201.414,7910.483,-16022.258,0.0,1.769,31.766,270.458,1554.97,4182.065,24278.96,1045395.9
latest_source,GEOSEG,capx_to_assets,Capital expenditures / identifiable assets,757202,87.5,1.3,11.1,94281,0.07,2.012,-16.503,0.0,0.002,0.024,0.068,0.135,0.208,0.469,436.5
latest_source,GEOSEG,capx_to_sales,Capital expenditures / sales,757202,87.0,1.4,11.5,98358,0.748,28.095,-396.483,0.0,0.01,0.033,0.1,0.303,0.614,3.648,4122.65
latest_source,GEOSEG,capxs,Segment capital expenditures,757202,84.9,3.2,11.8,113975,154.064,2092.508,-8394.636,0.0,0.05,2.868,35.547,234.866,620.856,2810.278,653000.0
latest_source,GEOSEG,caxts,caxts,757202,91.3,0.0,8.6,65579,1261.163,6652.985,-30100.999,0.231,20.977,104.934,576.637,2144.33,4763.317,18969.588,385121.0
latest_source,GEOSEG,cogss,cogss,757202,91.4,0.3,8.2,65394,934.632,5835.74,-16298.723,-1.05,4.607,45.781,304.812,1314.288,3134.35,15860.49,344075.0
latest_source,GEOSEG,dps,dps,757202,86.3,2.1,11.6,104061,95.115,1492.42,-453.0,0.0,0.264,3.274,28.799,156.0,359.712,1592.478,453000.0
latest_source,GEOSEG,emps,Segment employees,757202,84.6,1.4,14.0,116851,5689.328,29350.31,0.0,0.0,63.0,430.0,2660.5,11007.0,23800.0,84050.0,1700000.0
latest_source,GEOSEG,esubs,esubs,757202,70.0,28.5,1.0,227212,1.74,59.982,-5979.0,-0.6,0.0,0.0,0.0,0.0,0.0,18.294,7610.0
latest_source,GEOSEG,ias,Segment identifiable assets,757202,70.4,2.1,27.3,224222,5498.257,66295.389,-758263.971,0.0,12.727,123.998,853.014,4184.724,10651.189,82226.105,4349731.0
latest_source,GEOSEG,ibs,ibs,757202,90.6,0.1,6.1,71275,120.251,1087.626,-50119.0,-512.598,-2.37,4.551,46.172,223.646,548.0,2604.037,83963.0
latest_source,GEOSEG,iints,iints,757202,93.4,1.9,4.6,49597,272.054,30387.946,-3408.0,0.0,0.0,0.3,17.071,92.184,246.759,1805.314,6737118.389
latest_source,GEOSEG,intseg,intseg,757202,49.2,49.2,1.5,384472,23.918,852.156,-83383.0,0.0,0.0,0.0,0.0,0.0,0.0,64.375,118346.0
latest_source,GEOSEG,ivaeqs,ivaeqs,757202,66.7,31.5,1.7,251991,21.064,473.703,-16778.099,0.0,0.0,0.0,0.0,0.0,0.2,240.097,56914.0
latest_source,GEOSEG,log_sales,"Log(1 + sales), for nonnegative sales",757202,6.2,16.5,77.3,710274,3.652,2.766,0.0,0.0,1.023,3.658,5.761,7.385,8.271,9.769,14.604
latest_source,GEOSEG,nis,nis,757202,90.8,0.0,6.0,69671,121.585,1141.407,-98696.0,-524.255,-2.332,5.043,48.953,233.878,566.201,2585.019,83963.0
latest_source,GEOSEG,nopxs,nopxs,757202,93.1,1.6,3.8,52093,8.517,158.021,-18503.443,-107.254,0.0,0.04,2.544,23.0,61.523,263.144,7840.116
latest_source,GEOSEG,nxints,nxints,757202,93.5,0.2,2.7,49125,-2857784.38,271432554.383,-37861000001.0,-777.986,-14.532,-0.15,10.92,77.302,239.063,2684.944,6737046.644
latest_source,GEOSEG,obs,obs,757202,96.9,2.4,0.7,23250,3240.306,461606.419,-0.754,0.0,0.0,0.0,0.0,58.0,364.06,4763.747,70385000.0
latest_source,GEOSEG,ocaxs,ocaxs,757202,93.2,6.8,0.0,51486,0.005,0.516,-5.886,0.0,0.0,0.0,0.0,0.0,0.0,0.0,107.373
latest_source,GEOSEG,oelim,oelim,757202,59.1,40.9,0.0,309723,0.025,3.188,-118.987,0.0,0.0,0.0,0.0,0.0,0.0,0.0,694.629
latest_source,GEOSEG,oiadps,oiadps,757202,89.9,0.1,7.3,76724,287.553,2505.101,-42627.0,-349.98,-0.378,17.084,120.554,482.499,1088.0,4321.831,147929.0
latest_source,GEOSEG,oibdps,oibdps,757202,90.3,0.0,7.4,73123,376.846,2701.573,-25241.0,-226.979,0.49,25.659,163.684,657.169,1467.244,5493.463,147929.0
latest_source,GEOSEG,op_margin,Operating profit / sales,757202,76.9,0.1,17.9,174729,-3.019,120.572,-16121.0,-17.199,0.01,0.083,0.183,0.376,0.505,0.871,6151.517
latest_source,GEOSEG,ops,Segment operating profit,757202,74.6,1.7,17.9,191997,164.688,2390.083,-42627.0,-209.483,0.0,5.956,56.851,272.103,636.019,2603.541,772000.0
latest_source,GEOSEG,ppents,Segment PP&E,757202,84.8,1.2,14.1,115403,1012.585,5485.335,-1366.51,0.0,2.723,27.582,228.934,1510.333,4012.269,20205.862,321900.0
latest_source,GEOSEG,ptis,ptis,757202,90.0,0.1,6.6,75658,184.822,1317.784,-44561.0,-645.054,-2.293,7.252,74.549,360.848,886.117,3848.621,58508.0
latest_source,GEOSEG,rd_to_sales,R&D / sales,757202,95.8,2.8,1.5,32139,5.365,126.38,-218.737,0.0,0.0,0.0,0.039,0.531,3.013,53.235,12522.1
latest_source,GEOSEG,rds,Segment R&D,757202,95.5,2.9,1.5,33809,12.445,209.465,-1244.142,0.0,0.0,0.0,1.211,15.936,42.665,189.144,34550.0
latest_source,GEOSEG,revts,revts,757202,48.5,2.7,48.5,389608,1538.148,8977.513,-83383.0,0.0,10.013,88.912,594.0,2636.264,6094.0,25109.51,2199000.0
latest_source,GEOSEG,sales,Segment sales,757202,5.8,16.5,77.3,713367,1015.267,6776.59,-54408.0,0.0,1.646,37.0,313.459,1599.335,3887.085,17439.99,2199000.0
latest_source,GEOSEG,salexg,salexg,757202,94.2,0.6,5.1,43627,173.255,1186.47,-1.284,0.0,0.972,6.155,35.219,197.555,543.553,3601.14,69655.106
latest_source,GEOSEG,segment_sales_share,Segment positive sales / firm-year-stype positive sales,757202,2.4,20.3,77.3,739037,0.405,0.421,0.0,0.0,0.014,0.18,1.0,1.0,1.0,1.0,1.0
latest_source,GEOSEG,spis,spis,757202,90.7,4.3,1.3,70478,-20.124,439.207,-48019.0,-501.46,-2.326,0.0,0.0,0.642,5.76,99.338,56975.0
latest_source,GEOSEG,txts,txts,757202,90.6,2.0,5.9,70935,38.506,337.384,-45415.0,-118.063,0.0,0.842,13.052,74.081,184.0,827.705,15984.0
latest_source,GEOSEG,txws,txws,757202,59.0,40.9,0.1,310572,8.458,356.987,-62.8,0.0,0.0,0.0,0.0,0.0,0.0,0.0,50818.0
latest_source,GEOSEG,xidos,xidos,757202,91.5,7.4,0.6,64415,0.094,237.628,-54122.0,-22.383,0.0,0.0,0.0,0.0,0.462,39.735,13977.0
latest_source,GEOSEG,xints,xints,757202,91.1,0.8,8.1,67449,126.22,2024.701,-3408.0,0.0,0.455,6.185,41.187,144.575,296.0,1218.0,137861.0
latest_source,GEOSEG,xsgas,xsgas,757202,93.1,0.0,6.9,52496,253.696,1387.173,-2684.0,0.071,8.067,26.763,101.277,352.224,850.44,4141.719,41079.0
latest_source,OPSEG,atlls,atlls,79700,93.6,0.4,5.9,5068,2165.752,7379.809,-26242.497,-129.44,8.607,119.65,993.9,5067.2,11704.267,37340.993,146805.0
latest_source,OPSEG,capx_to_assets,Capital expenditures / identifiable assets,79700,49.9,5.7,43.8,39929,0.093,2.71,-12.0,-0.001,0.007,0.031,0.074,0.151,0.236,0.61,487.786
latest_source,OPSEG,capx_to_sales,Capital expenditures / sales,79700,45.3,5.7,48.2,43600,1.115,76.172,-12256.909,-0.044,0.011,0.041,0.144,0.441,1.124,11.093,5669.556
latest_source,OPSEG,capxs,Segment capital expenditures,79700,36.7,9.3,53.4,50421,212.159,1180.58,-7475.0,0.0,1.0,14.7,92.0,389.0,865.2,3315.405,96496.0
latest_source,OPSEG,caxts,caxts,79700,87.5,0.4,11.6,9968,-1571349.626,157181737.02,-15693000001.0,-396.066,37.218,209.0,923.832,3121.4,6357.39,26882.08,4372700.0
latest_source,OPSEG,cogss,cogss,79700,73.6,2.7,22.6,21067,-735221.57,106886405.869,-15514000001.0,-201.597,10.0,118.842,577.201,2044.607,4692.541,18975.62,350360.0
latest_source,OPSEG,dps,dps,79700,30.5,7.0,61.8,55406,162.738,744.294,-6575.0,0.0,1.768,14.55,76.8,294.95,627.0,2737.188,30500.0
latest_source,OPSEG,emps,Segment employees,79700,84.6,1.9,13.5,12264,8380.187,21219.016,0.0,0.0,200.0,1719.0,7000.0,21292.2,37516.15,107373.78,700000.0
latest_source,OPSEG,esubs,esubs,79700,52.8,37.1,7.3,37603,15.677,227.48,-6183.0,-36.0,0.0,0.0,0.0,5.9,34.688,343.0,11900.0
latest_source,OPSEG,ias,Segment identifiable assets,79700,30.1,2.4,65.0,55702,10905.638,72059.981,-1220993.338,-2432.966,82.882,503.61,2562.879,12898.473,39981.475,229996.919,6630556.091
latest_source,OPSEG,ibs,ibs,79700,86.6,0.6,8.5,10680,291.635,1946.169,-41884.0,-1615.398,-3.043,10.231,190.0,844.126,1692.895,5267.57,124078.0
latest_source,OPSEG,iints,iints,79700,90.5,3.1,5.9,7577,202.497,2096.915,-13233.527,-341.979,0.0,0.141,6.417,88.0,369.527,5145.584,75774.967
latest_source,OPSEG,intseg,intseg,79700,8.3,72.2,18.1,73088,137.294,1815.74,-53731.0,-15.0,0.0,0.0,0.0,38.943,207.0,2871.727,78450.782
latest_source,OPSEG,ivaeqs,ivaeqs,79700,56.8,35.2,7.8,34447,118.101,883.938,-3570.505,0.0,0.0,0.0,0.0,64.0,351.689,2723.0,30432.3
latest_source,OPSEG,log_sales,"Log(1 + sales), for nonnegative sales",79700,6.7,12.3,81.0,74343,5.138,2.88,0.0,0.0,3.41,5.643,7.294,8.492,9.109,10.344,15.311
latest_source,OPSEG,nis,nis,79700,88.5,0.4,7.4,9129,277.417,1335.421,-19385.0,-1839.545,-4.306,17.859,235.211,942.724,1741.12,4534.6,25970.0
latest_source,OPSEG,nopxs,nopxs,79700,97.8,0.6,1.0,1761,-1.381,198.674,-7641.047,-280.046,-0.1,0.0,2.0,21.0,62.0,207.656,1213.2
latest_source,OPSEG,nxints,nxints,79700,85.8,2.5,6.1,11309,331.747,1604.992,-26467.055,-1382.855,-3.907,0.0,23.0,1048.424,2471.981,6820.523,38877.946
latest_source,OPSEG,obs,obs,79700,88.8,9.0,2.2,8898,237.039,1993.537,-1401.18,0.0,0.0,0.0,0.0,251.211,779.623,3802.01,108000.0
latest_source,OPSEG,ocaxs,ocaxs,79700,99.9,0.0,0.0,60,14.194,193.013,-985.669,-761.664,0.0,0.767,10.822,107.904,213.497,489.304,736.562
latest_source,OPSEG,oelim,oelim,79700,14.4,85.4,0.2,68216,-0.782,89.329,-12083.0,0.0,0.0,0.0,0.0,0.0,0.0,0.0,1119.8
latest_source,OPSEG,oiadps,oiadps,79700,57.2,1.4,30.1,34106,338.05,1845.499,-65400.0,-1505.662,-0.744,38.4,264.0,939.402,1847.75,5129.77,86700.0
latest_source,OPSEG,oibdps,oibdps,79700,56.6,1.5,32.6,34573,470.46,2375.498,-46052.0,-1016.303,0.056,60.055,355.64,1197.985,2249.826,6385.68,115693.0
latest_source,OPSEG,op_margin,Operating profit / sales,79700,43.2,0.7,45.4,45268,-3.085,176.449,-26126.0,-25.676,0.023,0.114,0.247,0.48,0.683,5.694,6500.154
latest_source,OPSEG,ops,Segment operating profit,79700,34.8,2.7,45.2,51970,278.18,1646.676,-65400.0,-1140.774,-0.528,25.0,185.982,724.705,1483.741,4676.697,127667.0
latest_source,OPSEG,ppents,Segment PP&E,79700,92.8,0.6,6.5,5748,2466.145,9292.22,-5407.052,-0.163,8.949,144.691,1162.476,5382.09,11452.8,43122.18,190055.0
latest_source,OPSEG,ptis,ptis,79700,76.4,0.6,15.7,18817,257.727,1561.961,-40821.0,-2333.2,-4.092,23.756,262.893,1015.476,1994.221,4329.421,37195.0
latest_source,OPSEG,rd_to_sales,R&D / sales,79700,91.9,7.5,0.6,6486,0.023,0.375,-8.229,0.0,0.0,0.0,0.0,0.0,0.016,0.358,14.61
latest_source,OPSEG,rds,Segment R&D,79700,90.5,8.7,0.7,7539,16.696,178.731,-24.368,0.0,0.0,0.0,0.0,0.0,6.109,387.34,5297.926
latest_source,OPSEG,revts,revts,79700,3.1,12.9,81.4,77233,2578.855,27202.133,-53554.0,-168.383,19.508,261.681,1454.635,4926.243,9278.8,33617.813,4460500.0
latest_source,OPSEG,sales,Segment sales,79700,3.1,12.3,81.0,77237,2435.93,26996.094,-41574.0,-224.64,16.95,245.285,1370.779,4685.336,8731.097,30354.469,4460500.0
latest_source,OPSEG,salexg,salexg,79700,100.0,0.0,0.0,39,216.611,356.21,0.0,0.0,0.134,35.007,253.652,719.837,978.3,1313.784,1324.684
latest_source,OPSEG,segment_sales_share,Segment positive sales / firm-year-stype positive sales,79700,1.3,17.7,81.0,78677,0.171,0.21,0.0,0.0,0.012,0.096,0.243,0.469,0.645,0.91,1.0
latest_source,OPSEG,spis,spis,79700,87.1,2.4,1.5,10288,-82.109,612.887,-29283.0,-1675.082,-34.151,-4.161,0.0,0.544,15.284,246.83,10873.8
latest_source,OPSEG,txts,txts,79700,81.9,2.8,11.3,14389,132.121,980.573,-15405.0,-625.699,0.0,2.596,64.294,320.331,680.267,2334.6,36863.0
latest_source,OPSEG,txws,txws,79700,15.6,84.0,0.4,67278,21.636,672.434,-2075.0,0.0,0.0,0.0,0.0,0.0,0.0,0.0,53211.0
latest_source,OPSEG,xidos,xidos,79700,99.0,0.9,0.1,822,2.137,154.751,-3204.0,-96.16,0.0,0.0,0.0,0.0,5.0,162.867,2400.0
latest_source,OPSEG,xints,xints,79700,80.8,4.6,13.4,15301,159.963,1649.796,-12230.62,-159.0,0.0,2.0,35.8,182.0,442.0,3054.0,90605.731
latest_source,OPSEG,xsgas,xsgas,79700,85.2,1.2,13.3,11807,356.136,1859.637,-28720.211,-43.849,5.486,34.533,190.019,764.113,1553.367,5402.938,110081.0
latest_source,STSEG,atlls,atlls,2331,100.0,0.0,0.0,0,,,,,,,,,,,
latest_source,STSEG,capx_to_assets,Capital expenditures / identifiable assets,2331,59.8,10.2,29.8,937,0.053,0.461,-13.106,0.0,0.0,0.025,0.072,0.174,0.308,0.797,1.979
latest_source,STSEG,capx_to_sales,Capital expenditures / sales,2331,43.8,24.2,31.5,1311,1.022,12.649,-43.908,-0.004,0.0,0.029,0.14,0.447,1.703,19.997,408.088
latest_source,STSEG,capxs,Segment capital expenditures,2331,38.1,26.6,34.8,1442,19.179,90.485,-292.123,0.0,0.0,0.264,8.088,47.288,80.28,243.033,1613.58
latest_source,STSEG,caxts,caxts,2331,92.5,0.0,7.0,175,74.173,129.248,-151.293,-16.04,8.674,25.069,78.448,185.108,383.194,591.25,812.035
latest_source,STSEG,cogss,cogss,2331,68.0,1.2,29.9,745,66.229,117.348,-151.293,-4.065,7.447,23.064,55.702,202.566,358.154,500.847,799.45
latest_source,STSEG,dps,dps,2331,59.0,3.0,37.4,956,13.828,36.413,-29.533,-6.033,0.28,2.811,9.403,43.359,71.048,156.953,527.0
latest_source,STSEG,emps,Segment employees,2331,95.0,0.7,4.3,117,328.128,675.713,0.0,0.0,16.0,50.0,245.0,1047.6,1618.0,2445.88,5100.0
latest_source,STSEG,esubs,esubs,2331,55.0,37.8,4.2,1050,-1.025,12.441,-216.532,-26.228,0.0,0.0,0.0,0.0,0.928,4.248,34.734
latest_source,STSEG,ias,Segment identifiable assets,2331,32.6,0.8,65.2,1570,477.827,1045.055,-1108.986,-33.667,28.185,143.42,484.702,1109.575,2114.17,5244.615,12703.327
latest_source,STSEG,ibs,ibs,2331,87.6,0.3,7.2,288,10.953,74.552,-471.0,-111.81,-1.168,0.64,13.704,43.57,67.27,275.034,640.923
latest_source,STSEG,iints,iints,2331,91.0,3.2,5.3,210,10.758,37.521,-19.376,-9.444,0.0,0.006,0.335,16.395,124.779,178.857,194.175
latest_source,STSEG,intseg,intseg,2331,1.8,93.9,4.1,2290,3.645,21.838,-13.191,0.0,0.0,0.0,0.0,0.0,0.0,122.842,379.0
latest_source,STSEG,ivaeqs,ivaeqs,2331,56.2,40.1,3.8,1022,4.297,28.924,0.0,0.0,0.0,0.0,0.0,0.0,11.304,102.195,452.334
latest_source,STSEG,log_sales,"Log(1 + sales), for nonnegative sales",2331,3.8,8.5,87.7,2243,3.61,1.937,0.0,0.0,2.375,3.817,5.032,6.091,6.425,7.037,8.383
latest_source,STSEG,nis,nis,2331,90.2,0.1,6.3,228,15.028,89.232,-471.0,-169.71,-2.041,2.858,19.608,47.653,121.133,365.12,640.923
latest_source,STSEG,nopxs,nopxs,2331,97.7,0.8,0.9,54,-2.215,41.59,-207.115,-161.546,-0.074,0.0,1.123,31.696,45.675,82.999,116.773
latest_source,STSEG,nxints,nxints,2331,89.5,1.8,3.9,245,4.423,27.396,-69.313,-61.9,-1.715,0.0,2.0,25.195,75.398,110.122,134.862
latest_source,STSEG,obs,obs,2331,90.4,6.5,3.1,223,23.034,51.225,0.0,0.0,0.0,0.0,11.328,87.101,125.139,240.746,258.598
latest_source,STSEG,ocaxs,ocaxs,2331,99.4,0.3,0.3,15,0.831,1.177,0.0,0.0,0.0,0.008,1.423,2.379,2.755,3.436,3.606
latest_source,STSEG,oelim,oelim,2331,23.4,76.1,0.0,1786,-0.001,0.013,-0.468,0.0,0.0,0.0,0.0,0.0,0.0,0.0,0.0
latest_source,STSEG,oiadps,oiadps,2331,84.5,0.3,11.4,362,39.348,113.476,-750.0,-183.383,0.0,6.97,39.918,145.367,237.278,497.191,855.0
latest_source,STSEG,oibdps,oibdps,2331,78.5,0.3,16.1,500,56.197,131.736,-232.846,-177.02,0.029,12.387,69.561,204.83,282.74,399.068,1382.0
latest_source,STSEG,op_margin,Operating profit / sales,2331,49.6,0.4,43.1,1175,6.898,239.081,-1020.5,-24.468,0.1,0.336,0.641,0.719,0.847,2.677,7809.0
latest_source,STSEG,ops,Segment operating profit,2331,43.9,2.6,43.1,1308,33.304,83.824,-750.0,-103.496,0.36,8.378,38.788,116.027,179.17,363.958,855.0
latest_source,STSEG,ppents,Segment PP&E,2331,99.9,0.0,0.1,3,1.067,0.231,0.8,0.808,1.0,1.2,1.2,1.2,1.2,1.2,1.2
latest_source,STSEG,ptis,ptis,2331,83.1,0.1,11.2,395,19.003,69.358,-444.0,-102.037,-1.316,5.071,26.637,65.224,112.896,321.801,616.238
latest_source,STSEG,rd_to_sales,R&D / sales,2331,64.9,35.1,0.0,818,0.0,0.0,0.0,0.0,0.0,0.0,0.0,0.0,0.0,0.0,0.0
latest_source,STSEG,rds,Segment R&D,2331,63.6,36.4,0.0,849,0.0,0.0,0.0,0.0,0.0,0.0,0.0,0.0,0.0,0.0,0.0
latest_source,STSEG,revts,revts,2331,1.8,8.8,87.6,2289,147.011,287.279,-159.97,-1.302,8.711,42.55,147.361,440.294,665.62,1150.157,4372.0
latest_source,STSEG,sales,Segment sales,2331,1.8,8.5,87.7,2289,143.364,281.266,-379.0,-2.294,8.711,42.55,147.361,438.014,603.96,1122.841,4372.0
latest_source,STSEG,salexg,salexg,2331,100.0,0.0,0.0,0,,,,,,,,,,,
latest_source,STSEG,segment_sales_share,Segment positive sales / firm-year-stype positive sales,2331,1.0,11.3,87.7,2307,0.186,0.195,0.0,0.0,0.041,0.13,0.258,0.429,0.605,0.889,1.0
latest_source,STSEG,spis,spis,2331,97.5,1.1,0.3,58,-16.4,86.78,-657.0,-318.104,-3.34,0.0,0.0,0.003,0.425,7.267,9.941
latest_source,STSEG,txts,txts,2331,90.3,4.4,3.8,225,-1.823,49.011,-728.158,-5.444,0.0,0.0,0.284,3.477,12.721,26.288,47.405
latest_source,STSEG,txws,txws,2331,22.7,77.3,0.0,1803,0.0,0.0,0.0,0.0,0.0,0.0,0.0,0.0,0.0,0.0,0.0
latest_source,STSEG,xidos,xidos,2331,96.1,3.5,0.3,91,0.084,0.512,-0.631,-0.331,0.0,0.0,0.0,0.0,0.265,2.876,3.862
latest_source,STSEG,xints,xints,2331,81.0,5.6,12.7,442,10.176,21.205,-18.916,-5.134,0.0,0.599,8.1,45.209,62.185,89.716,114.88
latest_source,STSEG,xsgas,xsgas,2331,92.2,2.5,5.1,181,9.567,17.27,-0.239,-0.024,0.0,0.447,10.486,32.508,57.563,65.308,68.556
