model,shock,family,design,treatment,outcome,opp,n_specs,n_p05,n_p10,share_p05,share_p10,median_beta,median_t,median_abs_t,min_p,max_p,modal_sign,sign_consistency,min_treated_firms,min_control_firms,median_nobs,robust_score,robust_candidate
rsz,FERC636_1992,gas,national,pre_energy_any,rel_inv,l_margin,6,6,6,1.0,1.0,-0.031735344447633165,-2.5252519937834013,2.5252519937834013,0.004680301169386114,0.04983003890459714,-1.0,1.0,341,1651,41970,20.2626259968917,True
rsz,FERC636_1992,gas,national,pre_gas_any,rel_inv,l_margin,6,4,5,0.6666666666666666,0.8333333333333334,-0.03210550118628039,-2.355313256345199,2.355313256345199,0.00024243435323345608,0.233551971028912,-1.0,1.0,112,1880,41970,15.177656628172599,True
rsz,GAS_SPIKE_2001,gas,national,energy_segment,rel_inv,l_margin,6,4,5,0.6666666666666666,0.8333333333333334,-0.025688462775098043,-2.2676578806588177,2.2676578806588177,0.007279445854241784,0.14238835930404514,-1.0,1.0,376,3244,54099,15.133828940329408,True
rsz,SO2_ALLOWANCE_1995,carbon,national,pre_electric_any,rel_inv,l_margin,6,4,4,0.6666666666666666,0.6666666666666666,0.03881924051860672,2.1317323202822904,2.1317323202822904,0.025547552270015483,0.4076522170806549,1.0,1.0,142,1925,41226,14.065866160141145,True
rsz,NATGAS_1990,gas,national,pre_energy_any,rel_inv,sgrow,6,4,4,0.6666666666666666,0.6666666666666666,0.022323751842333782,2.1038404837216733,2.1038404837216733,0.022406116679927646,0.16707931164816747,1.0,1.0,371,1803,43755,14.051920241860836,True
rsz,CA_CARBON_2013,carbon,regional,pre_electric_any,rel_inv,l_margin,6,6,6,1.0,1.0,5.670988418123033,40.834563156478595,40.834563156478595,0.0,0.0,1.0,1.0,4,2216,45314,21.5,False
rsz,CA_CARBON_2013,carbon,regional,pre_electric_any,rel_inv,sgrow,6,6,6,1.0,1.0,2.329414165362529,19.63977577002477,19.63977577002477,0.0,0.0,1.0,1.0,4,2216,45314,21.5,False
rsz,CA_CARBON_2013,carbon,regional,pre_energy_any,rel_inv,l_margin,6,6,6,1.0,1.0,3.4920082193840636,2.122782512768404,2.122782512768404,0.024427993393947744,0.04459021328528734,1.0,1.0,7,2213,45314,20.0613912563842,False
firm_did,GAS_SPIKE_2001,gas,national,pre_energy_any,multi_seg,,3,3,3,1.0,1.0,-0.08554106768807142,-5.480186694331663,5.480186694331663,2.6439250788712343e-10,0.00018921985393149932,-1.0,1.0,514,7482,72297,12.5,False
firm_did,GAS_SPIKE_2001,gas,national,pre_oilgas_any,multi_seg,,3,3,3,1.0,1.0,-0.11927824928717605,-6.837266907709759,6.837266907709759,8.881784197001252e-16,6.925333127183464e-06,-1.0,1.0,340,7656,72297,12.5,False
firm_did,NATGAS_1990,gas,national,pre_energy_share_z,hhi,,3,3,3,1.0,1.0,-0.011248056731386036,-6.0524148812719885,6.0524148812719885,6.15065776088386e-11,4.1920791171712324e-07,-1.0,1.0,6527,0,62041,12.5,False
firm_did,FERC636_1992,gas,national,pre_energy_share_z,hhi,,3,3,3,1.0,1.0,-0.008647890800133496,-4.888546865672937,4.888546865672937,6.987992124951603e-07,5.1881907484396805e-05,-1.0,1.0,6818,0,64771,12.444273432836468,False
firm_did,SO2_ALLOWANCE_1995,carbon,national,pre_carbon_any,multi_seg,,3,3,3,1.0,1.0,-0.03992718613648788,-4.637130596728978,4.637130596728978,3.500937317824082e-10,0.020960721142878835,-1.0,1.0,1674,6224,71654,12.31856529836449,False
firm_did,GAS_SPIKE_2001,gas,national,pre_oilgas_any,log_nseg,,3,3,3,1.0,1.0,-0.06572263969083807,-4.281369432284686,4.281369432284686,5.272730692063021e-07,0.009167539235103384,-1.0,1.0,340,7656,72297,12.140684716142342,False
firm_did,GAS_SPIKE_2001,gas,national,pre_energy_share_z,multi_seg,,3,3,3,1.0,1.0,-0.01686531190226445,-4.252274914848421,4.252274914848421,4.952753545728328e-06,0.004034440687122665,-1.0,1.0,7996,0,72297,12.12613745742421,False
firm_did,EU_ETS_2005,carbon,national,pre_energy_any,log_nseg,,3,3,3,1.0,1.0,-0.04529324357669169,-4.236729997700161,4.236729997700161,5.142894994314418e-07,0.0010601571532991017,-1.0,1.0,587,6949,68070,12.11836499885008,False
firm_did,EU_ETS_2005,carbon,national,pre_carbon_any,multi_seg,,3,3,3,1.0,1.0,-0.036000106260293596,-4.187369139094925,4.187369139094925,5.307152168843032e-07,0.008784659357559121,-1.0,1.0,1554,5974,68070,12.093684569547463,False
firm_did,OIL_COLLAPSE_1986,oil,national,pre_oilgas_share_z,log_nseg,,3,3,3,1.0,1.0,0.012700716957277921,4.01440490871417,4.01440490871417,2.526485826770397e-05,0.00012128995320126457,1.0,1.0,6270,0,56539,12.007202454357085,False
firm_did,NATGAS_1990,gas,national,pre_energy_share_z,log_nseg,,3,3,3,1.0,1.0,0.00928338299487962,4.008778103814341,4.008778103814341,6.750040917324895e-07,0.019103805421680775,1.0,1.0,6565,0,62601,12.00438905190717,False
firm_did,OIL_COLLAPSE_1986,oil,national,pre_oilgas_share_z,n_op_seg,,3,3,3,1.0,1.0,0.03739594963962219,3.911761037445072,3.911761037445072,8.268142616141283e-05,0.0003471334493723166,1.0,1.0,6270,0,56539,11.955880518722536,False
firm_did,EU_ETS_2005,carbon,national,pre_carbon_any,log_nseg,,3,3,3,1.0,1.0,-0.02697691232123417,-3.865117607653289,3.865117607653289,5.460769767484663e-06,0.01606496970155269,-1.0,1.0,1554,5974,68070,11.932558803826645,False
firm_did,NATGAS_1990,gas,national,pre_energy_share_z,n_op_seg,,3,3,3,1.0,1.0,0.02818251320853061,3.737255809848775,3.737255809848775,5.9417976527864624e-06,0.01939971582375022,1.0,1.0,6565,0,62601,11.868627904924388,False
firm_did,EU_ETS_2005,carbon,national,pre_electric_any,n_op_seg,,3,3,3,1.0,1.0,-0.25077316262616134,-3.7303957734208697,3.7303957734208697,0.00010969612424305275,0.002362231765284273,-1.0,1.0,302,7234,68070,11.865197886710435,False
firm_did,FERC636_1992,gas,national,pre_energy_share_z,n_op_seg,,3,3,3,1.0,1.0,0.025242192780714885,3.663655964751335,3.663655964751335,1.4025697796515857e-06,0.008806618897388763,1.0,1.0,6866,0,65368,11.831827982375668,False
firm_did,EU_ETS_2005,carbon,national,pre_electric_any,log_nseg,,3,3,3,1.0,1.0,-0.05577296804033176,-3.6290370751020173,3.6290370751020173,0.00014240866866988,0.004448787651849084,-1.0,1.0,302,7234,68070,11.81451853755101,False
firm_did,OIL_COLLAPSE_1986,oil,national,pre_oilgas_share_z,hhi,,3,3,3,1.0,1.0,-0.009004600977814648,-3.626242193563074,3.626242193563074,4.362738632468499e-05,0.0015247823318604858,-1.0,1.0,6256,0,56237,11.813121096781536,False
firm_did,SO2_ALLOWANCE_1995,carbon,national,pre_electric_any,n_op_seg,,3,3,3,1.0,1.0,0.2616702318961095,3.5700639473489635,3.5700639473489635,0.00013786012544914072,0.0033880253139380034,1.0,1.0,252,7724,71654,11.785031973674482,False
firm_did,EU_ETS_2005,carbon,national,pre_energy_any,multi_seg,,3,3,3,1.0,1.0,-0.04332386209866979,-3.4501844656818967,3.4501844656818967,3.05989185434008e-06,0.023834791660132026,-1.0,1.0,587,6949,68070,11.725092232840948,False
firm_did,FERC636_1992,gas,national,pre_energy_share_z,log_nseg,,3,3,3,1.0,1.0,0.007385293917372066,3.4434805874418326,3.4434805874418326,6.742939952619764e-06,0.024371969850842667,1.0,1.0,6866,0,65368,11.721740293720917,False
firm_did,EU_ETS_2005,carbon,national,pre_carbon_any,n_op_seg,,3,3,3,1.0,1.0,-0.09660148376561078,-3.4006429556933133,3.4006429556933133,9.831351954669998e-05,0.040449460343804367,-1.0,1.0,1554,5974,68070,11.700321477846657,False
firm_did,EU_ETS_2005,carbon,national,pre_energy_any,n_op_seg,,3,3,3,1.0,1.0,-0.15370504632824608,-3.37925512140619,3.37925512140619,8.306475658526047e-05,0.008432160188767357,-1.0,1.0,587,6949,68070,11.689627560703094,False
firm_did,NATGAS_1990,gas,national,pre_energy_share_z,multi_seg,,3,3,3,1.0,1.0,0.011397423484971358,3.1703046391892555,3.1703046391892555,0.00013725723649837818,0.046896350977811085,1.0,1.0,6565,0,62601,11.585152319594627,False
firm_did,SO2_ALLOWANCE_1995,carbon,national,pre_electric_any,log_nseg,,3,3,3,1.0,1.0,0.06094569109921553,3.1427046858659144,3.1427046858659144,0.0004535946775898747,0.005735729362757347,1.0,1.0,252,7724,71654,11.571352342932958,False
firm_did,NATGAS_1990,gas,national,pre_energy_any,hhi,,3,3,3,1.0,1.0,-0.018989986447186556,-2.8761297663741665,2.8761297663741665,0.0037793276711584056,0.009698890554781014,-1.0,1.0,730,5760,62041,11.438064883187083,False
firm_did,GAS_SPIKE_2001,gas,national,pre_energy_any,log_nseg,,3,3,3,1.0,1.0,-0.03619083179642465,-2.6431467150504995,2.6431467150504995,0.0021256250726278125,0.043205065057818626,-1.0,1.0,514,7482,72297,11.32157335752525,False
firm_did,OIL_COLLAPSE_1986,oil,national,pre_oilgas_share_z,multi_seg,,3,3,3,1.0,1.0,0.011819542725833012,2.4435338131490587,2.4435338131490587,0.005216689339719638,0.015240253289722672,1.0,1.0,6270,0,56539,11.22176690657453,False
firm_did,WTI_1983,oil,national,pre_oilgas_share_z,n_op_seg,,3,3,3,1.0,1.0,0.02428831518517409,2.3991069134395966,2.3991069134395966,0.0022744512335493017,0.046266223042237486,1.0,1.0,5685,0,52538,11.199553456719798,False
rsz,FERC636_1992,gas,national,pre_oilgas_any,rel_inv,l_margin,6,2,4,0.3333333333333333,0.6666666666666666,-0.029177801032653397,-1.9249640580510994,1.9249640580510994,0.02625649538606689,0.22965573821934337,-1.0,1.0,245,1747,41970,9.96248202902555,False
rsz,SO2_ALLOWANCE_1995,carbon,national,pre_carbon_share_z,rel_inv,l_margin,6,2,4,0.3333333333333333,0.6666666666666666,0.009681049966998914,1.9105138339460108,1.9105138339460108,0.0039594242568254945,0.2198896725630788,1.0,1.0,2067,0,41226,9.955256916973006,False
rsz,FERC636_1992,gas,national,gas_segment,rel_inv,l_margin,6,2,4,0.3333333333333333,0.6666666666666666,-0.03253963117047745,-1.725028200748488,1.725028200748488,0.004002490576322737,0.13615800377201204,-1.0,1.0,116,1990,41970,9.862514100374245,False
firm_did,SO2_ALLOWANCE_1995,carbon,national,pre_carbon_any,log_nseg,,3,2,3,0.6666666666666666,1.0,-0.024016271822721785,-3.6584876811590785,3.6584876811590785,1.402441629494433e-06,0.08786631631785102,-1.0,1.0,1674,6224,71654,9.82924384057954,False
firm_did,GAS_SPIKE_2001,gas,national,pre_oilgas_any,n_op_seg,,3,2,3,0.6666666666666666,1.0,-0.19467130251799314,-3.0877962378450268,3.0877962378450268,0.0004985225669251747,0.0893892899912212,-1.0,1.0,340,7656,72297,9.543898118922513,False
firm_did,EU_ETS_2005,carbon,national,pre_carbon_high25,multi_seg,,3,2,3,0.6666666666666666,1.0,-0.02453560912110713,-2.8049851547353652,2.8049851547353652,0.00010544015309865706,0.08793680850314445,-1.0,1.0,1445,6091,68070,9.402492577367683,False
firm_did,SO2_ALLOWANCE_1995,carbon,national,pre_carbon_share_z,hhi,,3,2,3,0.6666666666666666,1.0,-0.004871825034551363,-2.4499087165857407,2.4499087165857407,3.104745982085433e-05,0.08805839132438642,-1.0,1.0,7929,0,70989,9.22495435829287,False
firm_did,GAS_SPIKE_2001,gas,national,pre_gas_any,multi_seg,,3,2,3,0.6666666666666666,1.0,-0.07135155961628604,-2.272401946720465,2.272401946720465,0.0051282041828402125,0.0968379411317073,-1.0,1.0,111,7885,72297,9.136200973360232,False
firm_did,WTI_1983,oil,national,pre_oilgas_share_z,log_nseg,,3,2,3,0.6666666666666666,1.0,0.0066363196456957155,2.2614562385477037,2.2614562385477037,0.0024793482857086158,0.06280463138501124,1.0,1.0,5685,0,52538,9.130728119273853,False
firm_did,GAS_SPIKE_2001,gas,national,pre_energy_share_z,log_nseg,,3,2,3,0.6666666666666666,1.0,-0.007457718509684145,-2.2563469988405216,2.2563469988405216,0.02149567327930124,0.05250239940267987,-1.0,1.0,7996,0,72297,9.12817349942026,False
firm_did,SO2_ALLOWANCE_1995,carbon,national,pre_carbon_high25,multi_seg,,3,2,2,0.6666666666666666,0.6666666666666666,-0.028860518750537634,-3.211848490153426,3.211848490153426,0.00013816855027171115,0.28395425310159306,-1.0,1.0,1554,6422,71654,8.605924245076713,False
firm_did,EU_ETS_2005,carbon,national,pre_electric_any,hhi,,3,2,2,0.6666666666666666,0.6666666666666666,0.023670145413526838,2.61871913541944,2.61871913541944,0.00634188708989214,0.13311173461039316,1.0,1.0,302,7148,67070,8.30935956770972,False
firm_did,SO2_ALLOWANCE_1995,carbon,national,pre_carbon_any,n_op_seg,,3,2,2,0.6666666666666666,0.6666666666666666,-0.06287064005495448,-2.6033178266312156,2.6033178266312156,0.0004775911204244476,0.29757873862907447,-1.0,1.0,1674,6224,71654,8.301658913315608,False
firm_did,SO2_ALLOWANCE_1995,carbon,national,pre_energy_any,multi_seg,,3,2,2,0.6666666666666666,0.6666666666666666,-0.031145575196383418,-2.3463283803697093,2.3463283803697093,0.00032871406952539317,0.5249762472642003,-1.0,1.0,665,7296,71654,8.173164190184854,False
firm_did,FERC636_1992,gas,national,pre_energy_share_z,multi_seg,,3,2,2,0.6666666666666666,0.6666666666666666,0.007987783484640293,2.340748130721306,2.340748130721306,0.014439900490635704,0.25116524632234283,1.0,1.0,6866,0,65368,8.170374065360653,False
firm_did,EU_ETS_2005,carbon,national,pre_carbon_high25,log_nseg,,3,2,2,0.6666666666666666,0.6666666666666666,-0.01662480970536815,-2.331307724101408,2.331307724101408,0.001530224908467659,0.16918045513729152,-1.0,1.0,1445,6091,68070,8.165653862050704,False
firm_did,EU_ETS_2005,carbon,national,pre_carbon_share_z,multi_seg,,3,2,2,0.6666666666666666,0.6666666666666666,-0.0074694379171102625,-2.220564409414509,2.220564409414509,0.0009192023955431061,0.2732778663155522,-1.0,1.0,7536,0,68070,8.110282204707254,False
firm_did,EU_ETS_2005,carbon,national,pre_electric_any,multi_seg,,3,2,2,0.6666666666666666,0.6666666666666666,-0.03827289055902711,-2.2204761132604403,2.2204761132604403,0.0056629404893118185,0.13473013446308402,-1.0,1.0,302,7234,68070,8.11023805663022,False
firm_did,OIL_COLLAPSE_1986,oil,national,pre_energy_any,multi_seg,,3,2,2,0.6666666666666666,0.6666666666666666,0.02648842276071333,2.1440920488924853,2.1440920488924853,0.02389432702095662,0.11041971958490815,1.0,1.0,798,5454,56539,8.072046024446243,False
rsz,SO2_ALLOWANCE_1995,carbon,national,carbon_segment,rel_inv,l_margin,6,1,4,0.16666666666666666,0.6666666666666666,0.02204071529780635,1.7515011394674203,1.7515011394674203,0.02897036977684153,0.17399279364475495,1.0,1.0,734,1853,41226,7.87575056973371,False
rsz,WTI_1983,oil,national,oilgas_segment,rel_inv,l_margin,6,2,2,0.3333333333333333,0.3333333333333333,-0.03563321445357304,-1.534261354029643,1.534261354029643,0.03258182741884097,0.20063618985549958,-1.0,1.0,401,2589,54023,7.767130677014822,False
firm_did,RGGI_2009,carbon,regional,pre_electric_any,hhi,,3,2,2,0.6666666666666666,0.6666666666666666,0.10073729475871418,2.0403072822948025,2.0403072822948025,7.356080189424574e-10,0.48027565569369646,1.0,0.6666666666666666,2,342,3738,7.686820307814068,False
rsz,FERC636_1992,gas,national,pre_energy_share_z,rel_inv,l_margin,6,2,2,0.3333333333333333,0.3333333333333333,-0.005902214507235465,-1.3139547492378436,1.3139547492378436,0.03281201739593609,0.31458114586747854,-1.0,1.0,1992,0,41970,7.656977374618922,False
rsz,SO2_ALLOWANCE_1995,carbon,national,pre_carbon_any,rel_inv,l_margin,6,2,2,0.3333333333333333,0.3333333333333333,0.013831641026141567,1.0431456296001531,1.0431456296001531,0.005641965697261719,0.9553257883405077,1.0,1.0,724,1343,41226,7.521572814800076,False
rsz,SO2_ALLOWANCE_1995,carbon,national,pre_carbon_high25,rel_inv,l_margin,6,2,2,0.3333333333333333,0.3333333333333333,0.012620641666098137,0.9824216382512996,0.9824216382512996,0.022747619528697305,0.4316449444344874,1.0,1.0,593,1474,41226,7.49121081912565,False
rsz,GAS_SPIKE_2001,gas,national,gas_segment,rel_inv,l_margin,6,2,2,0.3333333333333333,0.3333333333333333,-0.014854611207778881,-1.043980039598825,1.043980039598825,0.04568733412147852,0.9700892778259376,-1.0,0.8333333333333334,119,3359,54099,7.3553233531327455,False
rsz,CA_CARBON_2013,carbon,regional,pre_carbon_any,rel_inv,l_margin,6,2,2,0.3333333333333333,0.3333333333333333,0.015997579304096288,0.30604602396076086,0.7364709616421801,0.005979588891170229,0.7816585997676317,1.0,0.6666666666666666,23,2197,45314,7.034902147487757,False
rsz,CA_CARBON_2013,carbon,regional,pre_carbon_high25,rel_inv,l_margin,6,2,2,0.3333333333333333,0.3333333333333333,0.016369139630161365,0.309954673671825,0.6367023745517684,0.005289936159010411,0.7787465453609117,1.0,0.6666666666666666,17,2203,45314,6.985017853942551,False
firm_did,FERC636_1992,gas,national,pre_oilgas_any,n_op_seg,,3,1,2,0.3333333333333333,0.6666666666666666,-0.07128383330130197,-1.9248215938581317,1.9248215938581317,0.002999295811540348,0.22947211171230064,-1.0,1.0,471,6359,65368,5.962410796929066,False
firm_did,EU_ETS_2005,carbon,national,pre_carbon_high25,n_op_seg,,3,1,2,0.3333333333333333,0.6666666666666666,-0.05370807497374691,-1.8747311672602405,1.8747311672602405,0.011919299219868229,0.3410328677694172,-1.0,1.0,1445,6091,68070,5.93736558363012,False
firm_did,OIL_COLLAPSE_1986,oil,national,pre_oilgas_any,n_op_seg,,3,1,2,0.3333333333333333,0.6666666666666666,-0.07800178159753636,-1.8557967958911583,1.8557967958911583,0.029414889312700865,0.14707100328618927,-1.0,1.0,611,5637,56539,5.9278983979455795,False
firm_did,SO2_ALLOWANCE_1995,carbon,national,pre_carbon_high25,log_nseg,,3,1,2,0.3333333333333333,0.6666666666666666,-0.01217555238839168,-1.8268326212087451,1.8268326212087451,0.029259333359498374,0.6991950736538959,-1.0,1.0,1554,6422,71654,5.913416310604372,False
firm_did,FERC636_1992,gas,national,pre_oilgas_any,log_nseg,,3,1,2,0.3333333333333333,0.6666666666666666,-0.018138484253444373,-1.7662879288636308,1.7662879288636308,0.0020577301427686656,0.18410824528779068,-1.0,1.0,471,6359,65368,5.883143964431816,False
firm_did,SO2_ALLOWANCE_1995,carbon,national,pre_carbon_share_z,multi_seg,,3,1,2,0.3333333333333333,0.6666666666666666,-0.006222376742742155,-1.7461076483954203,1.7461076483954203,0.011834057244702212,0.9167757378442145,-1.0,1.0,7976,0,71654,5.87305382419771,False
firm_did,FERC636_1992,gas,national,pre_energy_any,hhi,,3,1,2,0.3333333333333333,0.6666666666666666,-0.011081030129575306,-1.7246364067070046,1.7246364067070046,0.0441184266534973,0.3007926618930028,-1.0,1.0,675,6132,64771,5.862318203353502,False
firm_did,EU_ETS_2005,carbon,national,pre_carbon_share_z,hhi,,3,1,2,0.3333333333333333,0.6666666666666666,-0.003503228701021269,-1.6671454680055222,1.6671454680055222,0.009243495333169705,0.2815805004159313,-1.0,1.0,7450,0,67070,5.833572734002761,False
rsz,FERC636_1992,gas,national,oilgas_segment,rel_inv,sgrow,6,1,2,0.16666666666666666,0.3333333333333333,0.023867954938307193,1.60649042165661,1.60649042165661,0.047047299857766234,0.1934271396545777,1.0,1.0,253,1961,41970,5.803245210828305,False
rsz,SO2_ALLOWANCE_1995,carbon,national,pre_carbon_high25,rel_inv,sgrow,6,1,2,0.16666666666666666,0.3333333333333333,-0.011180063994651653,-1.400549825932624,1.400549825932624,0.03173464620380373,0.39507155864456767,-1.0,1.0,593,1474,41226,5.700274912966312,False
firm_did,GAS_SPIKE_2001,gas,national,pre_oilgas_any,hhi,,3,1,2,0.3333333333333333,0.6666666666666666,0.019673887185519292,1.6826737321952019,1.6826737321952019,0.034009086605309324,0.7224930569772572,1.0,0.6666666666666666,340,7563,71277,5.508003532764268,False
rsz,CA_CARBON_2013,carbon,regional,carbon_segment,rel_inv,l_margin,6,1,2,0.16666666666666666,0.3333333333333333,0.026916820089632608,0.3521700836071523,0.7867190191060276,0.047283217024738367,0.7551179095399394,1.0,0.6666666666666666,24,2210,45314,5.060026176219681,False
firm_did,EU_ETS_2005,carbon,national,pre_carbon_share_z,log_nseg,,3,1,1,0.3333333333333333,0.3333333333333333,-0.004318033930923417,-1.6303952886917008,1.6303952886917008,0.013232067109948842,0.4756323583571005,-1.0,1.0,7536,0,68070,4.815197644345851,False
firm_did,SO2_ALLOWANCE_1995,carbon,national,pre_electric_any,hhi,,3,1,1,0.3333333333333333,0.3333333333333333,-0.019722256939757595,-1.5681237054991817,1.5681237054991817,0.021697366070632995,0.12177931494442062,-1.0,1.0,252,7677,70989,4.784061852749591,False
firm_did,EU_ETS_2005,carbon,national,pre_carbon_any,hhi,,3,1,1,0.3333333333333333,0.3333333333333333,0.009290450746655639,1.5479351630600866,1.5479351630600866,0.011304568942817061,0.593913681096149,1.0,1.0,1554,5896,67070,4.7739675815300435,False
firm_did,NATGAS_1990,gas,national,pre_oilgas_any,n_op_seg,,3,1,1,0.3333333333333333,0.3333333333333333,-0.047943205525326105,-1.2834756040271382,1.2834756040271382,0.010491690747993054,0.5844842180866152,-1.0,1.0,526,5988,62601,4.641737802013569,False
rsz,EU_ETS_2005,carbon,national,pre_carbon_high25,rel_inv,sgrow,6,1,1,0.16666666666666666,0.16666666666666666,0.007080333744223266,1.1402572060941487,1.1402572060941487,0.045952324551219004,0.3767807573713673,1.0,1.0,664,2444,59404,4.570128603047074,False
firm_did,GAS_SPIKE_2001,gas,national,pre_energy_any,hhi,,3,1,1,0.3333333333333333,0.3333333333333333,0.01588538470791916,1.6443865007781169,1.6443865007781169,0.04053863672502089,0.7887384194509126,1.0,0.6666666666666666,514,7389,71277,4.488859917055725,False
firm_did,FERC636_1992,gas,national,pre_oilgas_any,multi_seg,,3,1,1,0.3333333333333333,0.3333333333333333,-0.014244966460509774,-0.9652949453058314,0.9652949453058314,0.007990431054198943,0.42968113066452407,-1.0,1.0,471,6359,65368,4.482647472652916,False
firm_did,SO2_ALLOWANCE_1995,carbon,national,pre_carbon_any,hhi,,3,1,1,0.3333333333333333,0.3333333333333333,0.008180371529077685,1.5039251041785429,1.5039251041785429,0.010094779895322592,0.35338578320414027,1.0,0.6666666666666666,1668,6192,70989,4.418629218755938,False
firm_did,NATGAS_1990,gas,national,pre_oilgas_any,log_nseg,,3,1,1,0.3333333333333333,0.3333333333333333,-0.007824411890725174,-0.7687066412541572,0.7687066412541572,0.04968406583152696,0.5751413437929149,-1.0,1.0,526,5988,62601,4.384353320627079,False
firm_did,RGGI_2009,carbon,regional,pre_electric_any,n_op_seg,,3,1,1,0.3333333333333333,0.3333333333333333,-0.40673735775573705,-1.2707613700143092,1.2707613700143092,0.0003495632527150683,0.7408644318402504,-1.0,0.6666666666666666,2,346,3790,4.302047351673821,False
firm_did,RGGI_2009,carbon,regional,pre_electric_any,log_nseg,,3,1,1,0.3333333333333333,0.3333333333333333,-0.15617055786358836,-1.1213178753877056,1.1213178753877056,0.011468018645708566,0.6123453722862728,-1.0,0.6666666666666666,2,346,3790,4.227325604360519,False
firm_did,SO2_ALLOWANCE_1995,carbon,national,pre_energy_any,hhi,,3,1,1,0.3333333333333333,0.3333333333333333,0.008028950876151617,1.0412887478245647,1.0412887478245647,0.04728378602774175,0.7189162914526335,1.0,0.6666666666666666,665,7259,70989,4.187311040578949,False
firm_did,RGGI_2009,carbon,regional,pre_carbon_high25,n_op_seg,,3,1,1,0.3333333333333333,0.3333333333333333,0.04130886707678539,0.26643085251800797,0.5972018369982043,0.04052068419498456,0.789917423502275,1.0,0.6666666666666666,15,333,3790,3.9652675851657686,False
firm_did,WTI_1983,oil,national,pre_oilgas_any,hhi,,3,0,2,0.0,0.6666666666666666,0.013256803476225144,1.8934763604763738,1.8934763604763738,0.05564191732851409,0.11881651869798548,1.0,1.0,668,4997,52394,3.946738180238187,False
rsz,FERC636_1992,gas,national,energy_segment,rel_inv,sgrow,6,0,2,0.0,0.3333333333333333,0.017381522276006,1.52274437574077,1.52274437574077,0.06888698821289974,0.18008465451881017,1.0,1.0,385,1901,41970,3.7613721878703847,False
rsz,NATGAS_1990,gas,national,energy_segment,rel_inv,sgrow,6,0,2,0.0,0.3333333333333333,0.01756026407237566,1.4477945083955288,1.4477945083955288,0.05543487242067857,0.44262109884012557,1.0,1.0,412,2074,43755,3.723897254197764,False
rsz,NATGAS_1990,gas,national,gas_segment,rel_inv,sgrow,6,0,2,0.0,0.3333333333333333,-0.024712074222413817,-1.4098242263093406,1.4098242263093406,0.0964113211184634,0.5720076939498298,-1.0,1.0,123,2173,43755,3.7049121131546703,False
rsz,NATGAS_1990,gas,national,pre_energy_any,rel_inv,l_margin,6,0,2,0.0,0.3333333333333333,-0.01776454658739078,-1.3562838403868351,1.3562838403868351,0.056298359293238454,0.5536752801076545,-1.0,1.0,371,1803,43755,3.6781419201934176,False
rsz,RGGI_2009,carbon,regional,pre_carbon_any,rel_inv,sgrow,6,0,2,0.0,0.3333333333333333,-0.005167244506549211,-0.7698053035775703,1.3132571609008772,0.09110206231625817,0.49169309510521275,-1.0,0.6666666666666666,107,2541,52626,3.3232952471171053,False
rsz,RGGI_2009,carbon,regional,pre_carbon_share_z,rel_inv,sgrow,6,0,2,0.0,0.3333333333333333,0.0018720812781284524,0.634466594827438,0.634466594827438,0.06624841824014127,0.9800191899222266,1.0,1.0,511,2137,52626,3.317233297413719,False
rsz,CARBON_STACK_2009_2013,carbon,stacked_regional,pre_carbon_any,rel_inv,sgrow,6,0,2,0.0,0.3333333333333333,-0.003997383314727195,-0.7347482170499202,0.8930002311484557,0.08649294070829394,0.47093194218918155,-1.0,0.6666666666666666,130,2909,89941,3.1131667822408944,False
rsz,CARBON_STACK_2009_2013,carbon,stacked_regional,pre_carbon_high25,rel_inv,sgrow,6,0,2,0.0,0.3333333333333333,0.0012784751908868643,0.22886324016903792,0.4934860467257045,0.0786873115176061,0.8769020645294918,1.0,0.6666666666666666,111,2923,89941,2.9134096900295186,False
firm_did,GAS_SPIKE_2001,gas,national,pre_energy_any,n_op_seg,,3,0,1,0.0,0.3333333333333333,-0.08937794634039824,-1.5928233760810546,1.5928233760810546,0.07151350611414498,0.23915456614252384,-1.0,1.0,514,7482,72297,2.796411688040527,False
rsz,NATGAS_1990,gas,national,pre_oilgas_any,rel_inv,sgrow,6,0,1,0.0,0.16666666666666666,0.019975613947886828,1.401776680442509,1.401776680442509,0.07149770080300266,0.349863546962929,1.0,1.0,276,1898,43755,2.7008883402212547,False
firm_did,WTI_1983,oil,national,pre_oilgas_any,n_op_seg,,3,0,1,0.0,0.3333333333333333,-0.058957499342962884,-1.2828777242267264,1.2828777242267264,0.09516368026574118,0.2901752885605169,-1.0,1.0,668,5005,52538,2.6414388621133633,False
rsz,RGGI_2009,carbon,regional,pre_carbon_high25,rel_inv,sgrow,6,0,2,0.0,0.3333333333333333,-7.869838075566927e-05,-0.010901406407146513,0.2574065459593057,0.058514716108294174,0.9461700253314187,1.0,0.5,94,2554,52626,2.628703272979653,False
firm_did,WTI_1983,oil,national,pre_energy_any,log_nseg,,3,0,1,0.0,0.3333333333333333,0.011255884694856059,1.1981565796615208,1.1981565796615208,0.08643145478904812,0.5930560491665986,1.0,1.0,854,4816,52538,2.5990782898307603,False
firm_did,EU_ETS_2005,carbon,national,pre_carbon_share_z,n_op_seg,,3,0,1,0.0,0.3333333333333333,-0.011841088333312847,-1.126142706589928,1.126142706589928,0.08460168285542524,0.7569157682968854,-1.0,1.0,7536,0,68070,2.563071353294964,False
firm_did,OIL_COLLAPSE_1986,oil,national,pre_energy_any,hhi,,3,0,1,0.0,0.3333333333333333,-0.007340507894637842,-1.081824693837279,1.081824693837279,0.0695786504756788,0.43860090437599797,-1.0,1.0,798,5441,56237,2.5409123469186397,False
firm_did,WTI_1983,oil,national,pre_energy_any,multi_seg,,3,0,1,0.0,0.3333333333333333,0.012585410727784485,1.05873541417965,1.05873541417965,0.05029585104755263,0.6571864751893863,1.0,1.0,854,4816,52538,2.529367707089825,False
rsz,EU_ETS_2005,carbon,national,carbon_segment,rel_inv,l_margin,6,0,1,0.0,0.16666666666666666,-0.007193127136329729,-0.9118785280300566,0.9118785280300566,0.09823467867704139,0.731607104669409,-1.0,1.0,785,2780,59404,2.4559392640150284,False
firm_did,NATGAS_1990,gas,national,pre_gas_any,multi_seg,,3,0,1,0.0,0.3333333333333333,-0.016824174394957054,-0.830838638851973,0.830838638851973,0.06247143752691886,0.888469951377516,-1.0,1.0,162,6403,62601,2.4154193194259865,False
firm_did,FERC636_1992,gas,national,pre_gas_any,n_op_seg,,3,0,1,0.0,0.3333333333333333,0.051626522427685846,0.7219958534321876,0.7219958534321876,0.05072220386301951,0.4933418893032333,1.0,1.0,150,6716,65368,2.360997926716094,False
rsz,FERC636_1992,gas,national,energy_segment,rel_inv,l_margin,6,0,1,0.0,0.16666666666666666,-0.00906709051554956,-0.630566322949431,0.630566322949431,0.09958332654878377,0.8444428826231078,-1.0,1.0,385,1901,41970,2.3152831614747154,False
firm_did,FERC636_1992,gas,national,pre_gas_any,log_nseg,,3,0,1,0.0,0.3333333333333333,0.010439826673818592,0.554813542701939,0.554813542701939,0.09929380709020363,0.6717150502658495,1.0,1.0,150,6716,65368,2.2774067713509694,False
firm_did,RGGI_2009,carbon,regional,pre_carbon_any,n_op_seg,,3,0,1,0.0,0.3333333333333333,0.166386728522259,0.9889141148805066,1.064749063197846,0.092284876048498,0.32274879324752814,1.0,0.6666666666666666,17,331,3790,2.1990411982655895,False
rsz,OIL_COLLAPSE_1986,oil,national,oilgas_segment,rel_inv,sgrow,6,0,1,0.0,0.16666666666666666,-0.010277707222545637,-0.8382413655334296,0.8382413655334296,0.08172877494539232,0.9591027380535411,-1.0,0.6666666666666666,397,2423,49444,2.085787349433381,False
firm_did,OIL_COLLAPSE_1986,oil,national,pre_energy_any,log_nseg,,3,0,0,0.0,0.0,0.013940546423588402,1.463312489958326,1.463312489958326,0.12499634458190889,0.25562726849988127,1.0,1.0,798,5454,56539,1.731656244979163,False
firm_did,WTI_1983,oil,national,pre_oilgas_any,nonop_sales_share,,3,0,0,0.0,0.0,-0.0038859138502904994,-1.3966389350934716,1.3966389350934716,0.15668753001323843,0.2777881903848669,-1.0,1.0,668,5005,52538,1.6983194675467357,False
firm_did,OIL_COLLAPSE_1986,oil,national,pre_oilgas_any,nonop_sales_share,,3,0,0,0.0,0.0,-0.0021868368810263094,-1.3838193212541436,1.3838193212541436,0.14503621516397658,0.45563932654621264,-1.0,1.0,611,5637,56539,1.6919096606270718,False
firm_did,GAS_SPIKE_2001,gas,national,pre_energy_share_z,n_op_seg,,3,0,0,0.0,0.0,-0.017462891657501627,-1.3242947999818253,1.3242947999818253,0.17510063587517166,0.23906776269140195,-1.0,1.0,7996,0,72297,1.6621473999909127,False
rsz,WTI_1983,oil,national,pre_energy_any,rel_inv,sgrow,6,0,0,0.0,0.0,-0.016485031259838204,-1.309118893479985,1.309118893479985,0.14299035932249748,0.23601182739004356,-1.0,1.0,461,2180,54023,1.6545594467399924,False
rsz,FERC636_1992,gas,national,pre_energy_any,rel_inv,sgrow,6,0,0,0.0,0.0,0.013311295863387277,1.247586994198865,1.247586994198865,0.1330014141650624,0.3587243576481116,1.0,1.0,341,1651,41970,1.6237934970994325,False
firm_did,FERC636_1992,gas,national,pre_gas_any,hhi,,3,0,0,0.0,0.0,-0.01489549999290115,-1.2012152526239328,1.2012152526239328,0.17621981339225834,0.27225414697596895,-1.0,1.0,150,6668,64771,1.6006076263119664,False
rsz,SO2_ALLOWANCE_1995,carbon,national,pre_carbon_share_z,rel_inv,sgrow,6,0,0,0.0,0.0,-0.00435799918024437,-1.2011875852309961,1.2011875852309961,0.12003199419468324,0.6080581042506314,-1.0,1.0,2067,0,41226,1.600593792615498,False
rsz,SO2_ALLOWANCE_1995,carbon,national,pre_energy_any,rel_inv,sgrow,6,0,0,0.0,0.0,-0.011884962997955922,-1.1824460956004108,1.1824460956004108,0.19190499530578387,0.38900371128450173,-1.0,1.0,336,1731,41226,1.5912230478002054,False
firm_did,NATGAS_1990,gas,national,pre_gas_any,hhi,,3,0,0,0.0,0.0,-0.014145545805696488,-1.1813845559495941,1.1813845559495941,0.1788836847607802,0.49139878429206885,-1.0,1.0,162,6365,62041,1.5906922779747972,False
rsz,FERC636_1992,gas,national,pre_oilgas_any,rel_inv,sgrow,6,0,0,0.0,0.0,0.012998166820669066,1.175389529017096,1.175389529017096,0.18895661124164675,0.4460523435082957,1.0,1.0,245,1747,41970,1.587694764508548,False
rsz,GAS_SPIKE_2001,gas,national,pre_gas_any,rel_inv,l_margin,6,0,0,0.0,0.0,-0.013550460619939546,-1.1612211869456543,1.1612211869456543,0.15410418407510162,0.5460026675736984,-1.0,1.0,116,3247,54099,1.5806105934728272,False
rsz,FERC636_1992,gas,national,pre_energy_share_z,rel_inv,sgrow,6,0,0,0.0,0.0,0.005068942658009231,1.1354875506776068,1.1354875506776068,0.16673611035349278,0.6126029616986202,1.0,1.0,1992,0,41970,1.5677437753388035,False
firm_did,WTI_1983,oil,national,pre_oilgas_share_z,nonop_sales_share,,3,0,0,0.0,0.0,-0.0008716993591729357,-1.128486231654669,1.128486231654669,0.2579720643501122,0.3594737581898042,-1.0,1.0,5685,0,52538,1.5642431158273347,False
firm_did,SO2_ALLOWANCE_1995,carbon,national,pre_electric_any,nonop_sales_share,,3,0,0,0.0,0.0,0.0019696568472722152,1.1185083627579337,1.1185083627579337,0.14613526907992913,0.4727664134955649,1.0,1.0,252,7724,71652,1.5592541813789669,False
firm_did,NATGAS_1990,gas,national,pre_oilgas_any,hhi,,3,0,0,0.0,0.0,-0.009271466843530104,-1.1022345230427173,1.1022345230427173,0.17269623332171502,0.607909253803685,-1.0,1.0,526,5956,62041,1.5511172615213586,False
rsz,EU_ETS_2005,carbon,national,pre_energy_any,rel_inv,sgrow,6,0,0,0.0,0.0,0.00828511476639766,1.0932360180353704,1.0932360180353704,0.11060594376998134,0.35663729620637774,1.0,1.0,319,2789,59404,1.5466180090176853,False
rsz,WTI_1983,oil,national,pre_oilgas_any,rel_inv,sgrow,6,0,0,0.0,0.0,-0.013570890007846156,-1.0776519142093748,1.0776519142093748,0.21732885492676712,0.324367226207654,-1.0,1.0,392,2249,54023,1.5388259571046874,False
firm_did,WTI_1983,oil,national,pre_energy_any,nonop_sales_share,,3,0,0,0.0,0.0,-0.0036344207377380423,-1.052210812521446,1.052210812521446,0.241303057566862,0.32891220493354023,-1.0,1.0,854,4816,52538,1.526105406260723,False
firm_did,FERC636_1992,gas,national,pre_gas_any,multi_seg,,3,0,0,0.0,0.0,-0.02028987398579601,-1.0483641092565725,1.0483641092565725,0.26363100509553505,0.32676940287885925,-1.0,1.0,150,6716,65368,1.5241820546282863,False
firm_did,OIL_COLLAPSE_1986,oil,national,pre_energy_any,nonop_sales_share,,3,0,0,0.0,0.0,-0.0013409571358214759,-0.9755395188915488,0.9755395188915488,0.24941232028999116,0.6236273913738346,-1.0,1.0,798,5454,56539,1.4877697594457744,False
rsz,NATGAS_1990,gas,national,oilgas_segment,rel_inv,sgrow,6,0,0,0.0,0.0,0.014654978138660364,0.9732546598172009,0.9732546598172009,0.10926583729619876,0.8058459814115249,1.0,1.0,280,2142,43755,1.4866273299086004,False
firm_did,EU_ETS_2005,carbon,national,pre_electric_any,nonop_sales_share,,3,0,0,0.0,0.0,-1.5155452090952624,-0.9507912616268368,0.9507912616268368,0.33586528743812405,0.35553912614390626,-1.0,1.0,302,7234,68057,1.4753956308134184,False
firm_did,EU_ETS_2005,carbon,national,pre_carbon_any,nonop_sales_share,,3,0,0,0.0,0.0,-1.809249986485357,-0.9464934810756118,0.9464934810756118,0.33760328078042834,0.35807255803496374,-1.0,1.0,1554,5974,68057,1.4732467405378058,False
firm_did,EU_ETS_2005,carbon,national,pre_carbon_high25,nonop_sales_share,,3,0,0,0.0,0.0,-1.7526098151445015,-0.9462821260984914,0.9462821260984914,0.33775606277452663,0.35831522095774426,-1.0,1.0,1445,6091,68057,1.4731410630492456,False
firm_did,EU_ETS_2005,carbon,national,pre_carbon_share_z,nonop_sales_share,,3,0,0,0.0,0.0,-0.6572068133441061,-0.9460909875172522,0.9460909875172522,0.3379210927897627,0.3582830063595561,-1.0,1.0,7536,0,68057,1.4730454937586261,False
firm_did,EU_ETS_2005,carbon,national,pre_energy_any,nonop_sales_share,,3,0,0,0.0,0.0,-1.4255374921983055,-0.9450916940482276,0.9450916940482276,0.3380199753842166,0.3590722753303681,-1.0,1.0,587,6949,68057,1.4725458470241137,False
firm_did,NATGAS_1990,gas,national,pre_energy_any,multi_seg,,3,0,0,0.0,0.0,0.010682940020289909,0.9347638872372301,0.9347638872372301,0.21691406685593417,0.957274693639492,1.0,1.0,730,5792,62601,1.467381943618615,False
firm_did,NATGAS_1990,gas,national,pre_oilgas_any,multi_seg,,3,0,0,0.0,0.0,-0.01213705488625362,-0.9255922026275436,0.9255922026275436,0.3250168566640914,0.5222725200009484,-1.0,1.0,526,5988,62601,1.4627961013137718,False
rsz,EU_ETS_2005,carbon,national,pre_carbon_share_z,rel_inv,sgrow,6,0,0,0.0,0.0,0.0019619674800963327,0.918742538607503,0.918742538607503,0.10844654318435065,0.5125346800885429,1.0,1.0,3108,0,59404,1.4593712693037515,False
rsz,FERC636_1992,gas,national,gas_segment,rel_inv,sgrow,6,0,0,0.0,0.0,0.018059961247852765,0.9084340611805117,0.9084340611805117,0.19029699017071366,0.5687477546430522,1.0,1.0,116,1990,41970,1.454217030590256,False
firm_did,WTI_1983,oil,national,pre_oilgas_any,multi_seg,,3,0,0,0.0,0.0,-0.012319196494859653,-0.9057589531801747,0.9057589531801747,0.3239092092936493,0.6666733271084935,-1.0,1.0,668,5005,52538,1.4528794765900874,False
firm_did,OIL_COLLAPSE_1986,oil,national,pre_oilgas_any,log_nseg,,3,0,0,0.0,0.0,-0.010271041397155626,-0.8925892356754532,0.8925892356754532,0.2463575308190542,0.4458381128980362,-1.0,1.0,611,5637,56539,1.4462946178377267,False
rsz,NATGAS_1990,gas,national,pre_energy_share_z,rel_inv,sgrow,6,0,0,0.0,0.0,0.003767054346519025,0.8773307394679648,0.8773307394679648,0.1983850934443585,0.46465093925882694,1.0,1.0,2174,0,43755,1.4386653697339824,False
rsz,GAS_SPIKE_2001,gas,national,pre_energy_share_z,rel_inv,l_margin,6,0,0,0.0,0.0,-0.002723745199271488,-0.87503590694754,0.87503590694754,0.3324308150430142,0.8987444622060892,-1.0,1.0,3363,0,54099,1.4375179534737699,False
firm_did,FERC636_1992,gas,national,pre_gas_any,nonop_sales_share,,3,0,0,0.0,0.0,0.0028932284300164307,0.8456049006861879,0.8456049006861879,0.3338833290647436,0.5135966753070973,1.0,1.0,150,6716,65366,1.4228024503430938,False
rsz,CA_CARBON_2013,carbon,regional,pre_energy_any,rel_inv,sgrow,6,0,0,0.0,0.0,0.2906623163204173,0.8398170408193308,0.8398170408193308,0.36895245654112063,0.4069604086828411,1.0,1.0,7,2213,45314,1.4199085204096655,False
rsz,CARBON_STACK_2009_2013,carbon,stacked_regional,pre_energy_any,rel_inv,sgrow,6,0,0,0.0,0.0,-0.005424687069078792,-0.8277624122499516,0.8277624122499516,0.119949172994253,0.9986973643753743,-1.0,1.0,41,2989,89941,1.4138812061249757,False
firm_did,WTI_1983,oil,national,pre_oilgas_any,log_nseg,,3,0,0,0.0,0.0,-0.009362847993079385,-0.8237594648270815,0.8237594648270815,0.2670288630647033,0.5480593133899978,-1.0,1.0,668,5005,52538,1.4118797324135408,False
rsz,NATGAS_1990,gas,national,pre_gas_any,rel_inv,l_margin,6,0,0,0.0,0.0,-0.008709594396363159,-0.7993130360859384,0.7993130360859384,0.2706670856555329,0.7225994786330525,-1.0,1.0,124,2050,43755,1.3996565180429692,False
rsz,GAS_SPIKE_2001,gas,national,pre_energy_any,rel_inv,l_margin,6,0,0,0.0,0.0,-0.010475323928904236,-0.7947857686719231,0.7947857686719231,0.3463750235510419,0.980752168892606,-1.0,1.0,335,3028,54099,1.3973928843359615,False
firm_did,RGGI_2009,carbon,regional,pre_carbon_high25,hhi,,3,0,0,0.0,0.0,0.0348725881792468,0.7794051990113622,0.7794051990113622,0.4208293643394816,0.47973939995244796,1.0,1.0,15,329,3738,1.389702599505681,False
firm_did,SO2_ALLOWANCE_1995,carbon,national,pre_electric_any,multi_seg,,3,0,0,0.0,0.0,0.015483079754922167,0.7770422790721304,0.7770422790721304,0.19009825848742956,0.7943757368009945,1.0,1.0,252,7724,71654,1.3885211395360653,False
firm_did,SO2_ALLOWANCE_1995,carbon,national,pre_energy_any,log_nseg,,3,0,0,0.0,0.0,-0.008067775145189216,-0.7669654436288966,0.7669654436288966,0.11492974688831814,0.9656509362188141,-1.0,1.0,665,7296,71654,1.3834827218144483,False
rsz,GAS_SPIKE_2001,gas,national,oilgas_segment,rel_inv,l_margin,6,0,0,0.0,0.0,-0.014494831339304477,-0.7649647047270387,0.7649647047270387,0.3508935390637937,0.6213643647733829,-1.0,1.0,202,3321,54099,1.3824823523635192,False
rsz,CARBON_STACK_2009_2013,carbon,stacked_regional,carbon_segment,rel_inv,l_margin,6,0,0,0.0,0.0,0.01352652287630567,0.7445350198181976,0.7445350198181976,0.3757655822133985,0.6583918407124809,1.0,1.0,134,2969,89941,1.3722675099090988,False
rsz,WTI_1983,oil,national,pre_oilgas_share_z,rel_inv,l_margin,6,0,0,0.0,0.0,-0.0066755426686634185,-0.7373410937266452,0.7373410937266452,0.2700552721667795,0.5726806453579609,-1.0,1.0,2641,0,54023,1.3686705468633227,False
rsz,GAS_SPIKE_2001,gas,national,pre_gas_any,rel_inv,sgrow,6,0,0,0.0,0.0,0.006286175986494229,0.7343080495094187,0.7343080495094187,0.1358915657538875,0.7825347138178449,1.0,1.0,116,3247,54099,1.3671540247547094,False
rsz,EU_ETS_2005,carbon,national,pre_energy_any,rel_inv,l_margin,6,0,0,0.0,0.0,-0.009544949782241765,-0.7117306508273575,0.7117306508273575,0.44870891920529665,0.5751121926406886,-1.0,1.0,319,2789,59404,1.3558653254136788,False
rsz,NATGAS_1990,gas,national,pre_oilgas_any,rel_inv,l_margin,6,0,0,0.0,0.0,-0.010945998503272167,-0.6959078285395988,0.6959078285395988,0.1646836342581781,0.9446869778807063,-1.0,1.0,276,1898,43755,1.3479539142697994,False
firm_did,RGGI_2009,carbon,regional,pre_carbon_any,hhi,,3,0,0,0.0,0.0,0.030842792368583977,0.6953671388835888,0.6953671388835888,0.4862567176648116,0.7615821395400897,1.0,1.0,17,327,3738,1.3476835694417943,False
firm_did,NATGAS_1990,gas,national,pre_energy_any,log_nseg,,3,0,0,0.0,0.0,0.006202192766185492,0.6896578440128193,0.6896578440128193,0.4267873939932205,0.9985915569970314,1.0,1.0,730,5792,62601,1.3448289220064096,False
rsz,EU_ETS_2005,carbon,national,pre_carbon_any,rel_inv,l_margin,6,0,0,0.0,0.0,-0.005883160532773505,-0.6793905464461523,0.6793905464461523,0.2241812650369146,0.6406396536521382,-1.0,1.0,780,2328,59404,1.339695273223076,False
rsz,CARBON_STACK_2009_2013,carbon,stacked_regional,pre_carbon_any,rel_inv,l_margin,6,0,0,0.0,0.0,0.011284576008320552,0.672867244871268,0.672867244871268,0.16223649440350552,0.559677599386172,1.0,1.0,130,2909,89941,1.3364336224356341,False
firm_did,EU_ETS_2005,carbon,national,pre_energy_any,hhi,,3,0,0,0.0,0.0,0.005089561668353347,0.658712496689639,0.658712496689639,0.15229030394018173,0.7155385026173926,1.0,1.0,587,6863,67070,1.3293562483448196,False
rsz,SO2_ALLOWANCE_1995,carbon,national,pre_energy_any,rel_inv,l_margin,6,0,0,0.0,0.0,0.010515973114209667,0.6578872158521276,0.6578872158521276,0.3237996509634984,0.7655730738428301,1.0,1.0,336,1731,41226,1.328943607926064,False
firm_did,GAS_SPIKE_2001,gas,national,pre_gas_any,hhi,,3,0,0,0.0,0.0,0.011307080010785467,0.6454487335830563,0.6454487335830563,0.45826695264716166,0.6872271745841316,1.0,1.0,111,7792,71277,1.3227243667915283,False
rsz,EU_ETS_2005,carbon,national,pre_carbon_high25,rel_inv,l_margin,6,0,0,0.0,0.0,-0.006191796665237361,-0.6412745270183842,0.6412745270183842,0.3010331672027746,0.7792968499240516,-1.0,1.0,664,2444,59404,1.320637263509192,False
rsz,OIL_COLLAPSE_1986,oil,national,oilgas_segment,rel_inv,l_margin,6,0,0,0.0,0.0,-0.010139061735958434,-0.6221691161354191,0.6221691161354191,0.4200055616747156,0.7484490459363482,-1.0,1.0,397,2423,49444,1.3110845580677095,False
firm_did,SO2_ALLOWANCE_1995,carbon,national,pre_carbon_share_z,n_op_seg,,3,0,0,0.0,0.0,0.0051359089845160145,0.5773327870581318,0.5773327870581318,0.10084562868353641,0.829896851881478,1.0,1.0,7976,0,71654,1.2886663935290659,False
rsz,CARBON_STACK_2009_2013,carbon,stacked_regional,pre_carbon_high25,rel_inv,l_margin,6,0,0,0.0,0.0,0.00941835358090607,0.5760229807642907,0.5760229807642907,0.45283420603206626,0.6402062656617913,1.0,1.0,111,2923,89941,1.2880114903821454,False
firm_did,EU_ETS_2005,carbon,national,pre_carbon_high25,hhi,,3,0,0,0.0,0.0,0.0035190326868911386,0.5717926357920843,0.5717926357920843,0.24010695603065524,0.6001340719898676,1.0,1.0,1445,6005,67070,1.285896317896042,False
rsz,GAS_SPIKE_2001,gas,national,oilgas_segment,rel_inv,sgrow,6,0,0,0.0,0.0,-0.008143269835211367,-0.570191509902171,0.570191509902171,0.37700709506643526,0.6152146529987874,-1.0,1.0,202,3321,54099,1.2850957549510855,False
firm_did,RGGI_2009,carbon,regional,pre_carbon_any,multi_seg,,3,0,0,0.0,0.0,0.03336102241607813,0.5664120631826273,0.5664120631826273,0.528018119043038,0.681797947147702,1.0,1.0,17,331,3790,1.2832060315913136,False
firm_did,FERC636_1992,gas,national,pre_energy_share_z,nonop_sales_share,,3,0,0,0.0,0.0,0.0007065078505197003,0.5600060756594286,0.5600060756594286,0.4440741005795148,0.6185764136864957,1.0,1.0,6866,0,65366,1.2800030378297143,False
rsz,NATGAS_1990,gas,national,oilgas_segment,rel_inv,l_margin,6,0,0,0.0,0.0,0.008965343289527177,0.5553267972528676,0.5553267972528676,0.21040609932374799,0.8657036004359235,1.0,1.0,280,2142,43755,1.2776633986264339,False
firm_did,RGGI_2009,carbon,regional,pre_energy_any,hhi,,3,0,0,0.0,0.0,0.0442792179859239,0.4100013832828746,1.2186238525489403,0.16558600838582693,0.6818710129992831,1.0,0.6666666666666666,5,339,3738,1.275978592941137,False
rsz,WTI_1983,oil,national,pre_oilgas_share_z,rel_inv,sgrow,6,0,0,0.0,0.0,-0.0031148888007248698,-0.5379694989963536,0.5379694989963536,0.5186292218762123,0.7129438004887527,-1.0,1.0,2641,0,54023,1.2689847494981767,False
firm_did,GAS_SPIKE_2001,gas,national,pre_gas_any,log_nseg,,3,0,0,0.0,0.0,-0.01511678939171752,-0.5334090272655906,0.5334090272655906,0.34089769697479655,0.7383481613143417,-1.0,1.0,111,7885,72297,1.2667045136327952,False
rsz,EU_ETS_2005,carbon,national,pre_carbon_share_z,rel_inv,l_margin,6,0,0,0.0,0.0,-0.002056261020146647,-0.5117539929247663,0.5117539929247663,0.2509355903859274,0.7525522350389866,-1.0,1.0,3108,0,59404,1.255876996462383,False
firm_did,WTI_1983,oil,national,pre_oilgas_share_z,hhi,,3,0,0,0.0,0.0,-0.0011086474082618964,-0.5021771758921056,0.5021771758921056,0.2089570148917037,0.9409970773036869,-1.0,1.0,5677,0,52394,1.251088587946053,False
firm_did,FERC636_1992,gas,national,pre_energy_any,nonop_sales_share,,3,0,0,0.0,0.0,0.0019220870331232674,0.501267636987491,0.501267636987491,0.529457457653234,0.6751120099152583,1.0,1.0,675,6164,65366,1.2506338184937456,False
firm_did,FERC636_1992,gas,national,pre_energy_any,n_op_seg,,3,0,0,0.0,0.0,-0.014972005060150817,-0.5009378848764734,0.5009378848764734,0.42189083603851585,0.977932552105407,-1.0,1.0,675,6164,65368,1.2504689424382367,False
rsz,GAS_SPIKE_2001,gas,national,pre_energy_share_z,rel_inv,sgrow,6,0,0,0.0,0.0,0.0017728163592491642,0.8311580257306894,0.8311580257306894,0.23542202488260822,0.9761960599905877,1.0,0.8333333333333334,3363,0,54099,1.248912346198678,False
rsz,NATGAS_1990,gas,national,energy_segment,rel_inv,l_margin,6,0,0,0.0,0.0,0.006184918566001462,0.49346136460428214,0.49346136460428214,0.48083991391391634,0.9675565846083463,1.0,1.0,412,2074,43755,1.2467306823021411,False
firm_did,WTI_1983,oil,national,pre_oilgas_share_z,multi_seg,,3,0,0,0.0,0.0,0.0020982547088162634,0.49257025954065564,0.49257025954065564,0.20423774536879535,0.6327635931281572,1.0,1.0,5685,0,52538,1.246285129770328,False
rsz,CA_CARBON_2013,carbon,regional,pre_carbon_any,rel_inv,sgrow,6,0,0,0.0,0.0,0.008291264920634492,0.811758759469245,0.811758759469245,0.3626103248771433,0.9928814988086327,1.0,0.8333333333333334,23,2197,45314,1.239212713067956,False
firm_did,RGGI_2009,carbon,regional,pre_carbon_share_z,nonop_sales_share,,3,0,0,0.0,0.0,-0.0016654032359179778,-1.1416907558167628,1.1416907558167628,0.2282957768416103,0.346731527959776,-1.0,0.6666666666666666,88,260,3789,1.237512044575048,False
rsz,EU_ETS_2005,carbon,national,pre_electric_any,rel_inv,sgrow,6,0,0,0.0,0.0,-0.0033492696315660497,-0.45783318357959324,0.45783318357959324,0.400327032311552,0.8673394416106892,-1.0,1.0,193,2915,59404,1.2289165917897966,False
rsz,WTI_1983,oil,national,pre_energy_any,rel_inv,l_margin,6,0,0,0.0,0.0,-0.00970171073678302,-0.45155926406274705,0.45155926406274705,0.346221147255211,0.8877228969712343,-1.0,1.0,461,2180,54023,1.2257796320313736,False
rsz,OIL_COLLAPSE_1986,oil,national,pre_oilgas_share_z,rel_inv,sgrow,6,0,0,0.0,0.0,-0.0020103152124533626,-0.41957473278076646,0.41957473278076646,0.5287046214453399,0.9072903861762696,-1.0,1.0,2475,0,49444,1.2097873663903833,False
firm_did,OIL_COLLAPSE_1986,oil,national,pre_oilgas_share_z,nonop_sales_share,,3,0,0,0.0,0.0,-0.00015471331743588092,-0.4190208581418986,0.4190208581418986,0.31295994194474575,0.6999821851006787,-1.0,1.0,6270,0,56539,1.2095104290709493,False
firm_did,RGGI_2009,carbon,regional,pre_carbon_high25,multi_seg,,3,0,0,0.0,0.0,0.03206726283935279,0.39630084909854685,0.39630084909854685,0.4285571795627594,0.9294302952029319,1.0,1.0,15,333,3790,1.1981504245492733,False
rsz,RGGI_2009,carbon,regional,pre_electric_any,rel_inv,sgrow,6,0,0,0.0,0.0,-0.009476471795427578,-1.0454648300857838,1.0454648300857838,0.13891033151558374,0.9281463127641734,-1.0,0.6666666666666666,31,2617,52626,1.1893990817095585,False
rsz,EU_ETS_2005,carbon,national,pre_electric_any,rel_inv,l_margin,6,0,0,0.0,0.0,0.004534185492239253,0.37385676798599954,0.37385676798599954,0.6846469274579112,0.8096953231412582,1.0,1.0,193,2915,59404,1.1869283839929998,False
rsz,RGGI_2009,carbon,regional,carbon_segment,rel_inv,l_margin,6,0,0,0.0,0.0,0.0076183482709288,0.35493188742145865,0.35493188742145865,0.5527071068709501,0.8826048175120222,1.0,1.0,110,2597,52626,1.1774659437107293,False
rsz,RGGI_2009,carbon,regional,pre_energy_any,rel_inv,sgrow,6,0,0,0.0,0.0,-0.008664700222176592,-1.0035378172163312,1.0035378172163312,0.15271856239932946,0.9408579900807965,-1.0,0.6666666666666666,34,2614,52626,1.1684355752748323,False
firm_did,FERC636_1992,gas,national,pre_oilgas_any,nonop_sales_share,,3,0,0,0.0,0.0,0.001061564323603615,0.31053381426836074,0.31053381426836074,0.6374033709010449,0.8976953590559607,1.0,1.0,471,6359,65366,1.1552669071341803,False
firm_did,SO2_ALLOWANCE_1995,carbon,national,pre_carbon_high25,hhi,,3,0,0,0.0,0.0,0.0025151464839030485,0.44935678907336535,0.9519509893717394,0.1399587429144309,0.6531758426912435,1.0,0.6666666666666666,1548,6381,70989,1.1426421613525364,False
firm_did,RGGI_2009,carbon,regional,pre_energy_any,nonop_sales_share,,3,0,0,0.0,0.0,-0.00037113321082699995,-0.2767347215595529,0.2767347215595529,0.21043817246766716,0.9842132056478703,-1.0,1.0,5,343,3789,1.1383673607797764,False
firm_did,GAS_SPIKE_2001,gas,national,pre_energy_any,nonop_sales_share,,3,0,0,0.0,0.0,-0.9312676217664186,-0.943246344800687,0.943246344800687,0.3374066252490695,0.9577010988369141,-1.0,0.6666666666666666,514,7482,72295,1.1382898390670102,False
firm_did,GAS_SPIKE_2001,gas,national,pre_energy_share_z,nonop_sales_share,,3,0,0,0.0,0.0,-0.21552128133737647,-0.942972469811583,0.942972469811583,0.33772481046363234,0.8143785182287901,-1.0,0.6666666666666666,7996,0,72295,1.138152901572458,False
firm_did,GAS_SPIKE_2001,gas,national,pre_gas_any,nonop_sales_share,,3,0,0,0.0,0.0,-1.0180549278752395,-0.941491597133887,0.941491597133887,0.3367019800293938,0.4937271336470479,-1.0,0.6666666666666666,111,7885,72295,1.1374124652336102,False
firm_did,GAS_SPIKE_2001,gas,national,pre_oilgas_any,nonop_sales_share,,3,0,0,0.0,0.0,-0.8011379046157098,-0.9412182237448545,0.9412182237448545,0.33970247323459013,0.42232467704568055,-1.0,0.6666666666666666,340,7656,72295,1.137275778539094,False
firm_did,OIL_COLLAPSE_1986,oil,national,pre_energy_any,n_op_seg,,3,0,0,0.0,0.0,0.008051601261951962,0.27446953564958065,0.27446953564958065,0.7814433367121616,0.8344657090520704,1.0,1.0,798,5454,56539,1.1372347678247903,False
firm_did,SO2_ALLOWANCE_1995,carbon,national,pre_energy_any,nonop_sales_share,,3,0,0,0.0,0.0,-0.0013513147538375505,-0.9353659651195538,0.9353659651195538,0.33107133179923376,0.941122023781122,-1.0,0.6666666666666666,665,7296,71652,1.1343496492264435,False
rsz,SO2_ALLOWANCE_1995,carbon,national,pre_carbon_any,rel_inv,sgrow,6,0,0,0.0,0.0,-0.004258671728395837,-0.5815442904807131,0.5815442904807131,0.20300989759488242,0.9964321039096324,-1.0,0.8333333333333334,724,1343,41226,1.12410547857369,False
firm_did,FERC636_1992,gas,national,pre_oilgas_any,hhi,,3,0,0,0.0,0.0,-0.004853345199108796,-0.5631924522692494,0.898348243767447,0.27113270484633745,0.5733060225426838,-1.0,0.6666666666666666,471,6327,64771,1.1158407885503903,False
rsz,RGGI_2009,carbon,regional,pre_carbon_share_z,rel_inv,l_margin,6,0,0,0.0,0.0,-0.002205288908256298,-0.19986410671367538,0.19986410671367538,0.7168220030862518,0.8764288928126329,-1.0,1.0,511,2137,52626,1.0999320533568377,False
firm_did,SO2_ALLOWANCE_1995,carbon,national,pre_carbon_high25,n_op_seg,,3,0,0,0.0,0.0,-0.020554144959242487,-0.8541646276764854,0.8541646276764854,0.24232057658947292,0.7450409018394712,-1.0,0.6666666666666666,1554,6422,71654,1.0937489805049094,False
rsz,GAS_SPIKE_2001,gas,national,pre_oilgas_any,rel_inv,l_margin,6,0,0,0.0,0.0,-0.008660941870768447,-0.5181179899217307,0.5181179899217307,0.4931535588583742,0.9675792149420996,-1.0,0.8333333333333334,201,3162,54099,1.0923923282941987,False
rsz,FERC636_1992,gas,national,pre_gas_any,rel_inv,sgrow,6,0,0,0.0,0.0,0.019376459279785468,0.8425834621652676,0.8425834621652676,0.2406541485255813,0.9505762048773732,1.0,0.6666666666666666,112,1880,41970,1.0879583977493004,False
firm_did,GAS_SPIKE_2001,gas,national,pre_energy_share_z,hhi,,3,0,0,0.0,0.0,0.0016657471454330237,0.7400552739941,0.7894993766124018,0.3186693469357764,0.45926919989328496,1.0,0.6666666666666666,7903,0,71277,1.0614163549728675,False
firm_did,RGGI_2009,carbon,regional,pre_carbon_any,log_nseg,,3,0,0,0.0,0.0,0.040547273308310136,0.7811773046035799,0.7892644583508254,0.35876802802718677,0.4348352861108631,1.0,0.6666666666666666,17,331,3790,1.0612988958420793,False
firm_did,SO2_ALLOWANCE_1995,carbon,national,pre_carbon_share_z,log_nseg,,3,0,0,0.0,0.0,-0.0012516820894511028,-0.4953748262211428,0.788456416604923,0.35179092090810915,0.620337271406457,-1.0,0.6666666666666666,7976,0,71654,1.060894874969128,False
firm_did,RGGI_2009,carbon,regional,pre_electric_any,multi_seg,,3,0,0,0.0,0.0,-0.10894614101012917,-0.7805652993159331,0.7805652993159331,0.2614617012514737,0.7289297883595967,-1.0,0.6666666666666666,2,346,3790,1.056949316324633,False
rsz,CARBON_STACK_2009_2013,carbon,stacked_regional,pre_carbon_share_z,rel_inv,l_margin,6,0,0,0.0,0.0,-0.002904521838820681,-0.4272550605806741,0.4272550605806741,0.6519757449147225,0.9793626992169733,-1.0,0.8333333333333334,673,2475,89941,1.0469608636236705,False
rsz,CARBON_STACK_2009_2013,carbon,stacked_regional,pre_carbon_share_z,rel_inv,sgrow,6,0,0,0.0,0.0,0.0020921669159213877,0.7246286609514614,0.7246286609514614,0.12406829297958999,0.8637407380957391,1.0,0.6666666666666666,673,2475,89941,1.0289809971423973,False
rsz,OIL_COLLAPSE_1986,oil,national,pre_oilgas_any,rel_inv,l_margin,6,0,0,0.0,0.0,0.010342537475018157,0.7011717374561277,0.7011717374561277,0.2320837418257935,0.8896638580179406,1.0,0.6666666666666666,394,2081,49444,1.0172525353947304,False
rsz,CA_CARBON_2013,carbon,regional,pre_carbon_high25,rel_inv,sgrow,6,0,0,0.0,0.0,0.014458124754863447,0.6841591988348142,0.6841591988348142,0.4253465419797817,0.6910712281677436,1.0,0.6666666666666666,17,2203,45314,1.0087462660840738,False
rsz,GAS_SPIKE_2001,gas,national,energy_segment,rel_inv,sgrow,6,0,0,0.0,0.0,0.005071868788443255,0.6696902275989182,0.6696902275989182,0.44475445189268914,0.9531998337066718,1.0,0.6666666666666666,376,3244,54099,1.0015117804661258,False
rsz,CA_CARBON_2013,carbon,regional,carbon_segment,rel_inv,sgrow,6,0,0,0.0,0.0,0.008662189053840055,0.5663189788899079,0.6591967384884792,0.4935290523771423,0.5811910110593554,1.0,0.6666666666666666,24,2210,45314,0.9962650359109062,False
firm_did,NATGAS_1990,gas,national,pre_gas_any,log_nseg,,3,0,0,0.0,0.0,0.008191744895671283,0.4534584723320785,0.6574065348024234,0.2586492807596825,0.6502203966738667,1.0,0.6666666666666666,162,6403,62601,0.9953699340678783,False
firm_did,RGGI_2009,carbon,regional,pre_carbon_share_z,n_op_seg,,3,0,0,0.0,0.0,0.0453985755378284,0.6463535836274288,0.6463535836274288,0.3138065214347949,0.5753971747711071,1.0,0.6666666666666666,88,260,3790,0.989843458480381,False
rsz,EU_ETS_2005,carbon,national,carbon_segment,rel_inv,sgrow,6,0,0,0.0,0.0,-0.001512088425331391,-0.30894506138805466,0.30894506138805466,0.521341984516682,0.8980018875008864,-1.0,0.8333333333333334,785,2780,59404,0.9878058640273607,False
rsz,CARBON_STACK_2009_2013,carbon,stacked_regional,carbon_segment,rel_inv,sgrow,6,0,0,0.0,0.0,-0.0009734413867019034,-0.1510595214818516,0.6157876076685682,0.16129337583137104,0.9389977289619706,-1.0,0.6666666666666666,134,2969,89941,0.9745604705009507,False
firm_did,RGGI_2009,carbon,regional,pre_energy_any,log_nseg,,3,0,0,0.0,0.0,0.012886826441158435,0.10841611855923944,0.6152561351506122,0.5216993774627374,0.91368173866669,1.0,0.6666666666666666,5,343,3790,0.9742947342419728,False
firm_did,RGGI_2009,carbon,regional,pre_energy_any,n_op_seg,,3,0,0,0.0,0.0,0.034864504925381096,0.10616353825530102,0.5991786643859321,0.445146517731172,0.9154683838839337,1.0,0.6666666666666666,5,343,3790,0.9662559988596326,False
firm_did,WTI_1983,oil,national,pre_energy_any,hhi,,3,0,0,0.0,0.0,0.0037077019964106986,0.5934190777322954,0.5934190777322954,0.34288979050858326,0.9749508009942323,1.0,0.6666666666666666,854,4808,52394,0.9633762055328143,False
rsz,CARBON_STACK_2009_2013,carbon,stacked_regional,pre_electric_any,rel_inv,sgrow,6,0,0,0.0,0.0,-0.004538472113772445,-0.5914532456717632,0.5914532456717632,0.20980140446788664,0.9890482149341233,-1.0,0.6666666666666666,35,2992,89941,0.9623932895025482,False
rsz,RGGI_2009,carbon,regional,carbon_segment,rel_inv,sgrow,6,0,0,0.0,0.0,-0.0032495506600270663,-0.42823758464313877,0.5653196996576091,0.173539847988478,0.6698062466010559,-1.0,0.6666666666666666,110,2597,52626,0.9493265164954712,False
firm_did,RGGI_2009,carbon,regional,pre_carbon_high25,log_nseg,,3,0,0,0.0,0.0,0.011625923027749905,0.23754736220545464,0.5530328190829166,0.2077823646120398,0.8122410545255114,1.0,0.6666666666666666,15,333,3790,0.9431830762081249,False
rsz,SO2_ALLOWANCE_1995,carbon,national,pre_electric_any,rel_inv,sgrow,6,0,0,0.0,0.0,0.0010890813469840764,0.07627523895019833,0.19920506486565803,0.3978305783347882,0.9744750642842461,1.0,0.8333333333333334,142,1925,41226,0.9329358657661624,False
firm_did,RGGI_2009,carbon,regional,pre_carbon_any,nonop_sales_share,,3,0,0,0.0,0.0,-0.0006711010127258735,-0.5172049084349857,0.5172049084349857,0.18708357245955654,0.8281275308631886,-1.0,0.6666666666666666,17,331,3789,0.9252691208841595,False
rsz,CARBON_STACK_2009_2013,carbon,stacked_regional,pre_energy_any,rel_inv,l_margin,6,0,0,0.0,0.0,0.013692075203200251,0.5132903283225773,0.5132903283225773,0.11182258493446429,0.8657584885498548,1.0,0.6666666666666666,41,2989,89941,0.9233118308279553,False
rsz,CA_CARBON_2013,carbon,regional,pre_carbon_share_z,rel_inv,l_margin,6,0,0,0.0,0.0,-0.012350223005928562,-0.5116938854517704,0.5116938854517704,0.5360184917273043,0.9865051407861585,-1.0,0.6666666666666666,162,2058,45314,0.9225136093925519,False
firm_did,NATGAS_1990,gas,national,pre_gas_any,n_op_seg,,3,0,0,0.0,0.0,0.03262347823124613,0.48876134215179756,0.48876134215179756,0.28953990251236106,0.6683847136245169,1.0,0.6666666666666666,162,6403,62601,0.9110473377425654,False
firm_did,RGGI_2009,carbon,regional,pre_carbon_share_z,hhi,,3,0,0,0.0,0.0,0.0013477651595959178,0.0875981007341618,0.48598401798158186,0.5267334099030523,0.9301993725157294,1.0,0.6666666666666666,87,257,3738,0.9096586756574576,False
rsz,FERC636_1992,gas,national,oilgas_segment,rel_inv,l_margin,6,0,0,0.0,0.0,-0.003021739449977994,-0.1495822967673742,0.1495822967673742,0.35054058228914364,0.9984672093720097,-1.0,0.8333333333333334,253,1961,41970,0.9081244817170204,False
firm_did,NATGAS_1990,gas,national,pre_energy_share_z,nonop_sales_share,,3,0,0,0.0,0.0,0.0006999353259653064,0.4720589829666864,0.4720589829666864,0.5368613175786765,0.8010144796096634,1.0,0.6666666666666666,6565,0,62599,0.9026961581500098,False
firm_did,NATGAS_1990,gas,national,pre_gas_any,nonop_sales_share,,3,0,0,0.0,0.0,0.0018599485090963945,0.4652653748503854,0.4652653748503854,0.6019695252353419,0.7789600944468487,1.0,0.6666666666666666,162,6403,62599,0.8992993540918593,False
firm_did,GAS_SPIKE_2001,gas,national,pre_gas_any,n_op_seg,,3,0,0,0.0,0.0,-0.05587138663166182,-0.46519598318781646,0.46519598318781646,0.26230043336351794,0.9674443543330873,-1.0,0.6666666666666666,111,7885,72297,0.8992646582605749,False
rsz,SO2_ALLOWANCE_1995,carbon,national,carbon_segment,rel_inv,sgrow,6,0,0,0.0,0.0,-0.0036599197334827058,-0.46495565769192676,0.46495565769192676,0.37301173768306106,0.8811731634484379,-1.0,0.6666666666666666,734,1853,41226,0.89914449551263,False
firm_did,RGGI_2009,carbon,regional,pre_carbon_share_z,log_nseg,,3,0,0,0.0,0.0,0.007198559371987102,0.3571560634682732,0.46017388648383367,0.44137371135369174,0.7209887184702461,1.0,0.6666666666666666,88,260,3790,0.8967536099085834,False
rsz,RGGI_2009,carbon,regional,pre_carbon_any,rel_inv,l_margin,6,0,0,0.0,0.0,0.008868828638670116,0.4459857572327658,0.4459857572327658,0.2782336994667345,0.8748805677823657,1.0,0.6666666666666666,107,2541,52626,0.8896595452830496,False
firm_did,SO2_ALLOWANCE_1995,carbon,national,pre_energy_any,n_op_seg,,3,0,0,0.0,0.0,0.00487853749346192,0.12198587686240521,0.44418716701872074,0.6234352566084465,0.9029105885008946,1.0,0.6666666666666666,665,7296,71654,0.888760250176027,False
rsz,EU_ETS_2005,carbon,national,pre_carbon_any,rel_inv,sgrow,6,0,0,0.0,0.0,0.0021395414697268755,0.4418369919378111,0.4418369919378111,0.13875321004951013,0.9566122297814876,1.0,0.6666666666666666,780,2328,59404,0.8875851626355722,False
rsz,RGGI_2009,carbon,regional,pre_carbon_high25,rel_inv,l_margin,6,0,0,0.0,0.0,0.004857575880972921,0.38496274368954,0.4128643868315001,0.6521820436333836,0.736364302330101,1.0,0.6666666666666666,94,2554,52626,0.8730988600824167,False
firm_did,WTI_1983,oil,national,pre_energy_any,n_op_seg,,3,0,0,0.0,0.0,0.015124929820321835,0.41216059480644257,0.41216059480644257,0.385474687594173,0.8640188329115719,1.0,0.6666666666666666,854,4816,52538,0.8727469640698879,False
rsz,NATGAS_1990,gas,national,pre_energy_share_z,rel_inv,l_margin,6,0,0,0.0,0.0,-0.0016108297767041511,-0.4062979968922248,0.4072729509508518,0.30110244419916654,0.8384080297353864,-1.0,0.6666666666666666,2174,0,43755,0.8703031421420926,False
firm_did,FERC636_1992,gas,national,pre_energy_any,multi_seg,,3,0,0,0.0,0.0,-0.004511886870696677,-0.3982482626177936,0.3982482626177936,0.5681395444091542,0.92091754342813,-1.0,0.6666666666666666,675,6164,65368,0.8657907979755635,False
firm_did,OIL_COLLAPSE_1986,oil,national,pre_oilgas_any,hhi,,3,0,0,0.0,0.0,-0.002855851749289594,-0.3395664259269026,0.3969300113728198,0.14756825789234673,0.7341844927435877,-1.0,0.6666666666666666,611,5624,56237,0.8651316723530765,False
firm_did,RGGI_2009,carbon,regional,pre_carbon_high25,nonop_sales_share,,3,0,0,0.0,0.0,-0.0005003404369697113,-0.3887728887937394,0.3887728887937394,0.2583658488721732,0.8408393402682206,-1.0,0.6666666666666666,15,333,3789,0.8610531110635363,False
firm_did,RGGI_2009,carbon,regional,pre_electric_any,nonop_sales_share,,3,0,0,0.0,0.0,-0.0005358946839564203,-0.3541728936536232,0.3541728936536232,0.17195018854337651,0.9822250512879864,-1.0,0.6666666666666666,2,346,3789,0.8437531134934783,False
rsz,GAS_SPIKE_2001,gas,national,pre_oilgas_any,rel_inv,sgrow,6,0,0,0.0,0.0,0.0005512127062766841,0.06168953769600903,0.3466424941708205,0.5143981387043386,0.9573870490245677,1.0,0.6666666666666666,201,3162,54099,0.8399879137520769,False
rsz,RGGI_2009,carbon,regional,pre_electric_any,rel_inv,l_margin,6,0,0,0.0,0.0,0.008568177129898862,0.3275465179464867,0.3275465179464867,0.40948117061397826,0.8971223836672224,1.0,0.6666666666666666,31,2617,52626,0.83043992563991,False
rsz,RGGI_2009,carbon,regional,pre_energy_any,rel_inv,l_margin,6,0,0,0.0,0.0,0.008105177395844853,0.3198611371344417,0.3198611371344417,0.4980413414059055,0.8337666290625565,1.0,0.6666666666666666,34,2614,52626,0.8265972352338875,False
rsz,OIL_COLLAPSE_1986,oil,national,pre_energy_any,rel_inv,sgrow,6,0,0,0.0,0.0,-0.0010078749241249918,-0.09723394731654489,0.3176726071457899,0.4748306722049258,0.9369094098815522,-1.0,0.6666666666666666,466,2009,49444,0.8255029702395615,False
firm_did,NATGAS_1990,gas,national,pre_energy_any,nonop_sales_share,,3,0,0,0.0,0.0,0.0012113067514443012,0.30799657373774286,0.30799657373774286,0.7533147642894846,0.8486272417459002,1.0,0.6666666666666666,730,5792,62599,0.820664953535538,False
rsz,CA_CARBON_2013,carbon,regional,pre_carbon_share_z,rel_inv,sgrow,6,0,0,0.0,0.0,-0.0035493347613688034,-0.29509469244186703,0.29509469244186703,0.5185079632914134,0.8524003445642507,-1.0,0.6666666666666666,162,2058,45314,0.8142140128876001,False
firm_did,RGGI_2009,carbon,regional,pre_carbon_share_z,multi_seg,,3,0,0,0.0,0.0,-0.0020242065033123746,-0.1261732571153498,0.2751124927928166,0.6020874142443979,0.8995994052209089,-1.0,0.6666666666666666,88,260,3790,0.8042229130630749,False
rsz,GAS_SPIKE_2001,gas,national,pre_energy_any,rel_inv,sgrow,6,0,0,0.0,0.0,0.00015776453430215554,0.022486787868717287,0.2742473952061001,0.4077384423758317,0.9935078620747171,1.0,0.6666666666666666,335,3028,54099,0.8037903642697166,False
rsz,NATGAS_1990,gas,national,pre_gas_any,rel_inv,sgrow,6,0,0,0.0,0.0,-0.0045250409519274025,-0.2664295056636574,0.2664295056636574,0.5642580525836696,0.9130076009055654,-1.0,0.6666666666666666,124,2050,43755,0.7998814194984953,False
firm_did,FERC636_1992,gas,national,pre_energy_any,log_nseg,,3,0,0,0.0,0.0,-0.0021170917518365806,-0.252970095350112,0.252970095350112,0.46196121618525776,0.9776267184282998,-1.0,0.6666666666666666,675,6164,65368,0.7931517143417226,False
rsz,OIL_COLLAPSE_1986,oil,national,pre_oilgas_any,rel_inv,sgrow,6,0,0,0.0,0.0,-0.0003977050637084655,-0.03657988632338732,0.24029842676637403,0.4140405953275077,0.971124767082097,-1.0,0.6666666666666666,394,2081,49444,0.7868158800498537,False
rsz,OIL_COLLAPSE_1986,oil,national,pre_oilgas_share_z,rel_inv,l_margin,6,0,0,0.0,0.0,-0.0011327161128587503,-0.19191098028636586,0.23021243705626082,0.6510187656885924,0.8727471851446582,-1.0,0.6666666666666666,2475,0,49444,0.781772885194797,False
firm_did,SO2_ALLOWANCE_1995,carbon,national,pre_carbon_any,nonop_sales_share,,3,0,0,0.0,0.0,-0.0003162474323526422,-0.2244630171684172,0.2244630171684172,0.6671430904327558,0.9006522955414726,-1.0,0.6666666666666666,1674,6224,71652,0.7788981752508752,False
rsz,WTI_1983,oil,national,pre_oilgas_any,rel_inv,l_margin,6,0,0,0.0,0.0,0.0006522799962980205,0.029815928623157933,0.21821754793195575,0.39067003403982437,0.9911387068604118,1.0,0.6666666666666666,392,2249,54023,0.7757754406326445,False
rsz,CARBON_STACK_2009_2013,carbon,stacked_regional,pre_electric_any,rel_inv,l_margin,6,0,0,0.0,0.0,0.0055937608055523225,0.20690069781468398,0.20690069781468398,0.2516791677816492,0.9296940075112365,1.0,0.6666666666666666,35,2992,89941,0.7701170155740086,False
rsz,NATGAS_1990,gas,national,gas_segment,rel_inv,l_margin,6,0,0,0.0,0.0,0.0031278447701885174,0.16599331932659925,0.19294275113348827,0.5355459346572733,0.9291342954158437,1.0,0.6666666666666666,123,2173,43755,0.7631380422334108,False
firm_did,SO2_ALLOWANCE_1995,carbon,national,pre_carbon_high25,nonop_sales_share,,3,0,0,0.0,0.0,-3.193918789042355e-05,-0.022229623054579355,0.18860531685054144,0.7496463820128396,0.982264892882871,-1.0,0.6666666666666666,1554,6422,71652,0.7609693250919374,False
firm_did,RGGI_2009,carbon,regional,pre_energy_any,multi_seg,,3,0,0,0.0,0.0,0.02196839393502127,0.14589380439965569,0.16474188040507193,0.818946421460879,0.884027019245992,1.0,0.6666666666666666,5,343,3790,0.7490376068692026,False
rsz,GAS_SPIKE_2001,gas,national,gas_segment,rel_inv,sgrow,6,0,0,0.0,0.0,-0.0011285117304844616,-0.07786286890345155,0.16361055266308805,0.7499084845575885,0.9449302934370722,-1.0,0.6666666666666666,119,3359,54099,0.7484719429982106,False
firm_did,NATGAS_1990,gas,national,pre_oilgas_any,nonop_sales_share,,3,0,0,0.0,0.0,0.00024134234009725076,0.06173231381712891,0.1383806196246696,0.8190180200872859,0.9507761759718685,1.0,0.6666666666666666,526,5988,62599,0.7358569764790014,False
firm_did,NATGAS_1990,gas,national,pre_energy_any,n_op_seg,,3,0,0,0.0,0.0,-0.0024107849831133473,-0.08682133378753824,0.1082936504741142,0.8733044252038806,0.9308140130268239,-1.0,0.6666666666666666,730,5792,62601,0.7208134919037237,False
firm_did,OIL_COLLAPSE_1986,oil,national,pre_oilgas_any,multi_seg,,3,0,0,0.0,0.0,0.0001554516867163946,0.011627394594268597,0.06115018537746556,0.802534185394254,0.9907229612335737,1.0,0.6666666666666666,611,5637,56539,0.6972417593553994,False
firm_did,SO2_ALLOWANCE_1995,carbon,national,pre_carbon_share_z,nonop_sales_share,,3,0,0,0.0,0.0,-1.5686022773118246e-05,-0.025249980232151345,0.05863737323398072,0.692151195083492,0.9798556503522664,-1.0,0.6666666666666666,7976,0,71652,0.695985353283657,False
rsz,OIL_COLLAPSE_1986,oil,national,pre_energy_any,rel_inv,l_margin,6,0,0,0.0,0.0,0.0012743846599754945,0.09174350822701718,0.3334381721052128,0.3968051037349387,0.9681545043527602,-1.0,0.5,466,2009,49444,0.6667190860526064,False
rsz,WTI_1983,oil,national,oilgas_segment,rel_inv,sgrow,6,0,0,0.0,0.0,0.00047347803460307637,0.019234040803135018,0.09497089552270274,0.7457316762518402,0.9633096988705501,1.0,0.5,401,2589,54023,0.5474854477613513,False
